solid CATIA STL
  facet normal -1.000000e+000  -0.000000e+000  0.000000e+000
    outer loop
      vertex -6.000000e+001 -3.139489e-002  4.990134e-001
      vertex -6.000000e+001  3.139566e-002  4.990133e-001
      vertex -6.000000e+001 -9.369033e-002  4.911437e-001
    endloop
  endfacet
  facet normal -1.000000e+000  0.000000e+000  0.000000e+000
    outer loop
      vertex -6.000000e+001 -9.369033e-002  4.911437e-001
      vertex -6.000000e+001  3.139566e-002  4.990133e-001
      vertex -6.000000e+001  9.369108e-002  4.911436e-001
    endloop
  endfacet
  facet normal -1.000000e+000  -0.000000e+000  0.000000e+000
    outer loop
      vertex -6.000000e+001 -9.369033e-002  4.911437e-001
      vertex -6.000000e+001  9.369108e-002  4.911436e-001
      vertex -6.000000e+001 -1.545082e-001  4.755284e-001
    endloop
  endfacet
  facet normal -1.000000e+000  0.000000e+000  0.000000e+000
    outer loop
      vertex -6.000000e+001 -1.545082e-001  4.755284e-001
      vertex -6.000000e+001  9.369108e-002  4.911436e-001
      vertex -6.000000e+001  1.545089e-001  4.755281e-001
    endloop
  endfacet
  facet normal -9.999999e-001  -0.000000e+000  0.000000e+000
    outer loop
      vertex -6.000000e+001 -1.545082e-001  4.755284e-001
      vertex -6.000000e+001  1.545089e-001  4.755281e-001
      vertex -6.000000e+001 -2.128894e-001  4.524136e-001
    endloop
  endfacet
  facet normal -9.999999e-001  0.000000e+000  0.000000e+000
    outer loop
      vertex -6.000000e+001 -2.128894e-001  4.524136e-001
      vertex -6.000000e+001  1.545089e-001  4.755281e-001
      vertex -6.000000e+001  2.128901e-001  4.524133e-001
    endloop
  endfacet
  facet normal -9.999999e-001  -0.000000e+000  0.000000e+000
    outer loop
      vertex -6.000000e+001 -2.128894e-001  4.524136e-001
      vertex -6.000000e+001  2.128901e-001  4.524133e-001
      vertex -6.000000e+001 -2.679132e-001  4.221641e-001
    endloop
  endfacet
  facet normal -1.000000e+000  0.000000e+000  0.000000e+000
    outer loop
      vertex -6.000000e+001 -2.679132e-001  4.221641e-001
      vertex -6.000000e+001  2.128901e-001  4.524133e-001
      vertex -6.000000e+001  2.679138e-001  4.221637e-001
    endloop
  endfacet
  facet normal -1.000000e+000  -0.000000e+000  0.000000e+000
    outer loop
      vertex -6.000000e+001 -2.679132e-001  4.221641e-001
      vertex -6.000000e+001  2.679138e-001  4.221637e-001
      vertex -6.000000e+001 -3.187118e-001  3.852568e-001
    endloop
  endfacet
  facet normal -1.000000e+000  0.000000e+000  0.000000e+000
    outer loop
      vertex -6.000000e+001 -3.187118e-001  3.852568e-001
      vertex -6.000000e+001  2.679138e-001  4.221637e-001
      vertex -6.000000e+001  3.187124e-001  3.852563e-001
    endloop
  endfacet
  facet normal -1.000000e+000  -0.000000e+000  0.000000e+000
    outer loop
      vertex -6.000000e+001 -3.187118e-001  3.852568e-001
      vertex -6.000000e+001  3.187124e-001  3.852563e-001
      vertex -6.000000e+001 -3.644842e-001  3.422737e-001
    endloop
  endfacet
  facet normal -1.000000e+000  0.000000e+000  0.000000e+000
    outer loop
      vertex -6.000000e+001 -3.644842e-001  3.422737e-001
      vertex -6.000000e+001  3.187124e-001  3.852563e-001
      vertex -6.000000e+001  3.644847e-001  3.422731e-001
    endloop
  endfacet
  facet normal -1.000000e+000  -0.000000e+000  0.000000e+000
    outer loop
      vertex -6.000000e+001 -3.644842e-001  3.422737e-001
      vertex -6.000000e+001  3.644847e-001  3.422731e-001
      vertex -6.000000e+001 -4.045084e-001  2.938927e-001
    endloop
  endfacet
  facet normal -1.000000e+000  0.000000e+000  0.000000e+000
    outer loop
      vertex -6.000000e+001 -4.045084e-001  2.938927e-001
      vertex -6.000000e+001  3.644847e-001  3.422731e-001
      vertex -6.000000e+001  4.045089e-001  2.938921e-001
    endloop
  endfacet
  facet normal -1.000000e+000  -0.000000e+000  0.000000e+000
    outer loop
      vertex -6.000000e+001 -4.045084e-001  2.938927e-001
      vertex -6.000000e+001  4.045089e-001  2.938921e-001
      vertex -6.000000e+001 -4.381533e-001  2.408769e-001
    endloop
  endfacet
  facet normal -9.999999e-001  0.000000e+000  0.000000e+000
    outer loop
      vertex -6.000000e+001 -4.381533e-001  2.408769e-001
      vertex -6.000000e+001  4.045089e-001  2.938921e-001
      vertex -6.000000e+001  4.381537e-001  2.408763e-001
    endloop
  endfacet
  facet normal -1.000000e+000  -0.000000e+000  0.000000e+000
    outer loop
      vertex -6.000000e+001 -4.381533e-001  2.408769e-001
      vertex -6.000000e+001  4.381537e-001  2.408763e-001
      vertex -6.000000e+001 -4.648882e-001  1.840624e-001
    endloop
  endfacet
  facet normal -1.000000e+000  0.000000e+000  0.000000e+000
    outer loop
      vertex -6.000000e+001 -4.648882e-001  1.840624e-001
      vertex -6.000000e+001  4.381537e-001  2.408763e-001
      vertex -6.000000e+001  4.648885e-001  1.840616e-001
    endloop
  endfacet
  facet normal -1.000000e+000  -0.000000e+000  0.000000e+000
    outer loop
      vertex -6.000000e+001 -4.648882e-001  1.840624e-001
      vertex -6.000000e+001  4.648885e-001  1.840616e-001
      vertex -6.000000e+001 -4.842916e-001  1.243450e-001
    endloop
  endfacet
  facet normal -9.999999e-001  0.000000e+000  0.000000e+000
    outer loop
      vertex -6.000000e+001 -4.842916e-001  1.243450e-001
      vertex -6.000000e+001  4.648885e-001  1.840616e-001
      vertex -6.000000e+001  4.842918e-001  1.243443e-001
    endloop
  endfacet
  facet normal -9.999999e-001  -0.000000e+000  0.000000e+000
    outer loop
      vertex -6.000000e+001 -4.842916e-001  1.243450e-001
      vertex -6.000000e+001  4.842918e-001  1.243443e-001
      vertex -6.000000e+001 -4.960574e-001  6.266665e-002
    endloop
  endfacet
  facet normal -1.000000e+000  0.000000e+000  0.000000e+000
    outer loop
      vertex -6.000000e+001 -4.960574e-001  6.266665e-002
      vertex -6.000000e+001  4.842918e-001  1.243443e-001
      vertex -6.000000e+001  4.960575e-001  6.266589e-002
    endloop
  endfacet
  facet normal -1.000000e+000  -0.000000e+000  0.000000e+000
    outer loop
      vertex -6.000000e+001 -4.960574e-001  6.266665e-002
      vertex -6.000000e+001  4.960575e-001  6.266589e-002
      vertex -6.000000e+001 -5.000000e-001 -1.779718e-016
    endloop
  endfacet
  facet normal -1.000000e+000  0.000000e+000  0.000000e+000
    outer loop
      vertex -6.000000e+001 -5.000000e-001 -1.779718e-016
      vertex -6.000000e+001  4.960575e-001  6.266589e-002
      vertex -6.000000e+001  5.000000e-001 -7.693928e-007
    endloop
  endfacet
  facet normal -1.000000e+000  -0.000000e+000  0.000000e+000
    outer loop
      vertex -6.000000e+001 -5.000000e-001 -1.779718e-016
      vertex -6.000000e+001  5.000000e-001 -7.693928e-007
      vertex -6.000000e+001 -4.960573e-001 -6.266665e-002
    endloop
  endfacet
  facet normal -1.000000e+000  0.000000e+000  0.000000e+000
    outer loop
      vertex -6.000000e+001 -4.960573e-001 -6.266665e-002
      vertex -6.000000e+001  5.000000e-001 -7.693928e-007
      vertex -6.000000e+001  4.960575e-001 -6.266569e-002
    endloop
  endfacet
  facet normal -9.999999e-001  0.000000e+000  0.000000e+000
    outer loop
      vertex -6.000000e+001 -4.960573e-001 -6.266665e-002
      vertex -6.000000e+001  4.960575e-001 -6.266569e-002
      vertex -6.000000e+001 -4.842916e-001 -1.243450e-001
    endloop
  endfacet
  facet normal -1.000000e+000  0.000000e+000  0.000000e+000
    outer loop
      vertex -6.000000e+001 -4.842916e-001 -1.243450e-001
      vertex -6.000000e+001  4.960575e-001 -6.266569e-002
      vertex -6.000000e+001  4.842918e-001 -1.243441e-001
    endloop
  endfacet
  facet normal -9.999999e-001  0.000000e+000  0.000000e+000
    outer loop
      vertex -6.000000e+001 -4.842916e-001 -1.243450e-001
      vertex -6.000000e+001  4.842918e-001 -1.243441e-001
      vertex -6.000000e+001 -4.648882e-001 -1.840624e-001
    endloop
  endfacet
  facet normal -9.999999e-001  0.000000e+000  0.000000e+000
    outer loop
      vertex -6.000000e+001 -4.648882e-001 -1.840624e-001
      vertex -6.000000e+001  4.842918e-001 -1.243441e-001
      vertex -6.000000e+001  4.648885e-001 -1.840615e-001
    endloop
  endfacet
  facet normal -1.000000e+000  0.000000e+000  0.000000e+000
    outer loop
      vertex -6.000000e+001 -4.648882e-001 -1.840624e-001
      vertex -6.000000e+001  4.648885e-001 -1.840615e-001
      vertex -6.000000e+001 -4.381533e-001 -2.408770e-001
    endloop
  endfacet
  facet normal -1.000000e+000  0.000000e+000  0.000000e+000
    outer loop
      vertex -6.000000e+001 -4.381533e-001 -2.408770e-001
      vertex -6.000000e+001  4.648885e-001 -1.840615e-001
      vertex -6.000000e+001  4.381537e-001 -2.408761e-001
    endloop
  endfacet
  facet normal -1.000000e+000  0.000000e+000  0.000000e+000
    outer loop
      vertex -6.000000e+001 -4.381533e-001 -2.408770e-001
      vertex -6.000000e+001  4.381537e-001 -2.408761e-001
      vertex -6.000000e+001 -4.045084e-001 -2.938928e-001
    endloop
  endfacet
  facet normal -1.000000e+000  0.000000e+000  0.000000e+000
    outer loop
      vertex -6.000000e+001 -4.045084e-001 -2.938928e-001
      vertex -6.000000e+001  4.381537e-001 -2.408761e-001
      vertex -6.000000e+001  4.045089e-001 -2.938920e-001
    endloop
  endfacet
  facet normal -1.000000e+000  0.000000e+000  0.000000e+000
    outer loop
      vertex -6.000000e+001 -4.045084e-001 -2.938928e-001
      vertex -6.000000e+001  4.045089e-001 -2.938920e-001
      vertex -6.000000e+001 -3.644842e-001 -3.422737e-001
    endloop
  endfacet
  facet normal -1.000000e+000  0.000000e+000  0.000000e+000
    outer loop
      vertex -6.000000e+001 -3.644842e-001 -3.422737e-001
      vertex -6.000000e+001  4.045089e-001 -2.938920e-001
      vertex -6.000000e+001  3.644848e-001 -3.422730e-001
    endloop
  endfacet
  facet normal -1.000000e+000  0.000000e+000  0.000000e+000
    outer loop
      vertex -6.000000e+001 -3.644842e-001 -3.422737e-001
      vertex -6.000000e+001  3.644848e-001 -3.422730e-001
      vertex -6.000000e+001 -3.187118e-001 -3.852568e-001
    endloop
  endfacet
  facet normal -1.000000e+000  0.000000e+000  0.000000e+000
    outer loop
      vertex -6.000000e+001 -3.187118e-001 -3.852568e-001
      vertex -6.000000e+001  3.644848e-001 -3.422730e-001
      vertex -6.000000e+001  3.187125e-001 -3.852562e-001
    endloop
  endfacet
  facet normal -1.000000e+000  0.000000e+000  0.000000e+000
    outer loop
      vertex -6.000000e+001 -3.187118e-001 -3.852568e-001
      vertex -6.000000e+001  3.187125e-001 -3.852562e-001
      vertex -6.000000e+001 -2.679131e-001 -4.221641e-001
    endloop
  endfacet
  facet normal -1.000000e+000  0.000000e+000  0.000000e+000
    outer loop
      vertex -6.000000e+001 -2.679131e-001 -4.221641e-001
      vertex -6.000000e+001  3.187125e-001 -3.852562e-001
      vertex -6.000000e+001  2.679139e-001 -4.221636e-001
    endloop
  endfacet
  facet normal -1.000000e+000  0.000000e+000  0.000000e+000
    outer loop
      vertex -6.000000e+001 -2.679131e-001 -4.221641e-001
      vertex -6.000000e+001  2.679139e-001 -4.221636e-001
      vertex -6.000000e+001 -2.128893e-001 -4.524137e-001
    endloop
  endfacet
  facet normal -1.000000e+000  0.000000e+000  0.000000e+000
    outer loop
      vertex -6.000000e+001 -2.128893e-001 -4.524137e-001
      vertex -6.000000e+001  2.679139e-001 -4.221636e-001
      vertex -6.000000e+001  2.128902e-001 -4.524133e-001
    endloop
  endfacet
  facet normal -1.000000e+000  0.000000e+000  0.000000e+000
    outer loop
      vertex -6.000000e+001 -2.128893e-001 -4.524137e-001
      vertex -6.000000e+001  2.128902e-001 -4.524133e-001
      vertex -6.000000e+001 -1.545081e-001 -4.755284e-001
    endloop
  endfacet
  facet normal -9.999999e-001  0.000000e+000  0.000000e+000
    outer loop
      vertex -6.000000e+001 -1.545081e-001 -4.755284e-001
      vertex -6.000000e+001  2.128902e-001 -4.524133e-001
      vertex -6.000000e+001  1.545091e-001 -4.755281e-001
    endloop
  endfacet
  facet normal -1.000000e+000  0.000000e+000  0.000000e+000
    outer loop
      vertex -6.000000e+001 -1.545081e-001 -4.755284e-001
      vertex -6.000000e+001  1.545091e-001 -4.755281e-001
      vertex -6.000000e+001 -9.369024e-002 -4.911437e-001
    endloop
  endfacet
  facet normal -1.000000e+000  0.000000e+000  0.000000e+000
    outer loop
      vertex -6.000000e+001 -9.369024e-002 -4.911437e-001
      vertex -6.000000e+001  1.545091e-001 -4.755281e-001
      vertex -6.000000e+001  9.369119e-002 -4.911435e-001
    endloop
  endfacet
  facet normal -1.000000e+000  0.000000e+000  0.000000e+000
    outer loop
      vertex -6.000000e+001 -9.369024e-002 -4.911437e-001
      vertex -6.000000e+001  9.369119e-002 -4.911435e-001
      vertex -6.000000e+001 -3.139480e-002 -4.990134e-001
    endloop
  endfacet
  facet normal -1.000000e+000  0.000000e+000  0.000000e+000
    outer loop
      vertex -6.000000e+001 -3.139480e-002 -4.990134e-001
      vertex -6.000000e+001  9.369119e-002 -4.911435e-001
      vertex -6.000000e+001  3.139576e-002 -4.990133e-001
    endloop
  endfacet
  facet normal  8.548327e-019 -9.999211e-001 -1.256484e-002
    outer loop
      vertex  0.000000e+000 -1.250000e+001  0.000000e+000
      vertex -4.500000e+001 -1.250000e+001 -3.061516e-015
      vertex  0.000000e+000 -1.249605e+001 -3.141262e-001
    endloop
  endfacet
  facet normal  -0.000000e+000 -9.999211e-001 -1.256484e-002
    outer loop
      vertex  0.000000e+000 -1.249605e+001 -3.141262e-001
      vertex -4.500000e+001 -1.250000e+001 -3.061516e-015
      vertex -4.500000e+001 -1.249605e+001 -3.141262e-001
    endloop
  endfacet
  facet normal  0.000000e+000 -9.992895e-001 -3.769149e-002
    outer loop
      vertex  0.000000e+000 -1.249605e+001 -3.141262e-001
      vertex -4.500000e+001 -1.249605e+001 -3.141262e-001
      vertex  0.000000e+000 -1.248421e+001 -6.280540e-001
    endloop
  endfacet
  facet normal  -0.000000e+000 -9.992895e-001 -3.769149e-002
    outer loop
      vertex  0.000000e+000 -1.248421e+001 -6.280540e-001
      vertex -4.500000e+001 -1.249605e+001 -3.141262e-001
      vertex -4.500000e+001 -1.248421e+001 -6.280540e-001
    endloop
  endfacet
  facet normal  0.000000e+000 -9.980267e-001 -6.279083e-002
    outer loop
      vertex  0.000000e+000 -1.248421e+001 -6.280540e-001
      vertex -4.500000e+001 -1.248421e+001 -6.280540e-001
      vertex  0.000000e+000 -1.246449e+001 -9.415851e-001
    endloop
  endfacet
  facet normal  -0.000000e+000 -9.980267e-001 -6.279083e-002
    outer loop
      vertex  0.000000e+000 -1.246449e+001 -9.415851e-001
      vertex -4.500000e+001 -1.248421e+001 -6.280540e-001
      vertex -4.500000e+001 -1.246449e+001 -9.415851e-001
    endloop
  endfacet
  facet normal  0.000000e+000 -9.961337e-001 -8.785067e-002
    outer loop
      vertex  0.000000e+000 -1.246449e+001 -9.415851e-001
      vertex -4.500000e+001 -1.246449e+001 -9.415851e-001
      vertex  0.000000e+000 -1.243689e+001 -1.254521e+000
    endloop
  endfacet
  facet normal  -0.000000e+000 -9.961337e-001 -8.785067e-002
    outer loop
      vertex  0.000000e+000 -1.243689e+001 -1.254521e+000
      vertex -4.500000e+001 -1.246449e+001 -9.415851e-001
      vertex -4.500000e+001 -1.243689e+001 -1.254521e+000
    endloop
  endfacet
  facet normal  0.000000e+000 -9.936113e-001 -1.128559e-001
    outer loop
      vertex  0.000000e+000 -1.243689e+001 -1.254521e+000
      vertex -4.500000e+001 -1.243689e+001 -1.254521e+000
      vertex  0.000000e+000 -1.240143e+001 -1.566665e+000
    endloop
  endfacet
  facet normal  -0.000000e+000 -9.936113e-001 -1.128559e-001
    outer loop
      vertex  0.000000e+000 -1.240143e+001 -1.566665e+000
      vertex -4.500000e+001 -1.243689e+001 -1.254521e+000
      vertex -4.500000e+001 -1.240143e+001 -1.566665e+000
    endloop
  endfacet
  facet normal  0.000000e+000 -9.904613e-001 -1.377913e-001
    outer loop
      vertex  0.000000e+000 -1.240143e+001 -1.566665e+000
      vertex -4.500000e+001 -1.240143e+001 -1.566665e+000
      vertex  0.000000e+000 -1.235815e+001 -1.877820e+000
    endloop
  endfacet
  facet normal  -0.000000e+000 -9.904613e-001 -1.377913e-001
    outer loop
      vertex  0.000000e+000 -1.235815e+001 -1.877820e+000
      vertex -4.500000e+001 -1.240143e+001 -1.566665e+000
      vertex -4.500000e+001 -1.235815e+001 -1.877820e+000
    endloop
  endfacet
  facet normal  0.000000e+000 -9.866862e-001 -1.626357e-001
    outer loop
      vertex  0.000000e+000 -1.235815e+001 -1.877820e+000
      vertex -4.500000e+001 -1.235815e+001 -1.877820e+000
      vertex  0.000000e+000 -1.230705e+001 -2.187788e+000
    endloop
  endfacet
  facet normal  -0.000000e+000 -9.866862e-001 -1.626357e-001
    outer loop
      vertex  0.000000e+000 -1.230705e+001 -2.187788e+000
      vertex -4.500000e+001 -1.235815e+001 -1.877820e+000
      vertex -4.500000e+001 -1.230705e+001 -2.187788e+000
    endloop
  endfacet
  facet normal  0.000000e+000 -9.822869e-001 -1.873827e-001
    outer loop
      vertex  0.000000e+000 -1.230705e+001 -2.187788e+000
      vertex -4.500000e+001 -1.230705e+001 -2.187788e+000
      vertex  0.000000e+000 -1.224819e+001 -2.496375e+000
    endloop
  endfacet
  facet normal  -0.000000e+000 -9.822869e-001 -1.873827e-001
    outer loop
      vertex  0.000000e+000 -1.224819e+001 -2.496375e+000
      vertex -4.500000e+001 -1.230705e+001 -2.187788e+000
      vertex -4.500000e+001 -1.224819e+001 -2.496375e+000
    endloop
  endfacet
  facet normal  0.000000e+000 -9.772685e-001 -2.120057e-001
    outer loop
      vertex  0.000000e+000 -1.224819e+001 -2.496375e+000
      vertex -4.500000e+001 -1.224819e+001 -2.496375e+000
      vertex  0.000000e+000 -1.218159e+001 -2.803385e+000
    endloop
  endfacet
  facet normal  -0.000000e+000 -9.772685e-001 -2.120057e-001
    outer loop
      vertex  0.000000e+000 -1.218159e+001 -2.803385e+000
      vertex -4.500000e+001 -1.224819e+001 -2.496375e+000
      vertex -4.500000e+001 -1.218159e+001 -2.803385e+000
    endloop
  endfacet
  facet normal  0.000000e+000 -9.716313e-001 -2.365008e-001
    outer loop
      vertex  0.000000e+000 -1.218159e+001 -2.803385e+000
      vertex -4.500000e+001 -1.218159e+001 -2.803385e+000
      vertex  0.000000e+000 -1.210729e+001 -3.108624e+000
    endloop
  endfacet
  facet normal  -0.000000e+000 -9.716313e-001 -2.365008e-001
    outer loop
      vertex  0.000000e+000 -1.210729e+001 -3.108624e+000
      vertex -4.500000e+001 -1.218159e+001 -2.803385e+000
      vertex -4.500000e+001 -1.210729e+001 -3.108624e+000
    endloop
  endfacet
  facet normal  0.000000e+000 -9.653817e-001 -2.608412e-001
    outer loop
      vertex  0.000000e+000 -1.210729e+001 -3.108624e+000
      vertex -4.500000e+001 -1.210729e+001 -3.108624e+000
      vertex  0.000000e+000 -1.202535e+001 -3.411899e+000
    endloop
  endfacet
  facet normal  -0.000000e+000 -9.653817e-001 -2.608412e-001
    outer loop
      vertex  0.000000e+000 -1.202535e+001 -3.411899e+000
      vertex -4.500000e+001 -1.210729e+001 -3.108624e+000
      vertex -4.500000e+001 -1.202535e+001 -3.411899e+000
    endloop
  endfacet
  facet normal  0.000000e+000 -9.585223e-001 -2.850176e-001
    outer loop
      vertex  0.000000e+000 -1.202535e+001 -3.411899e+000
      vertex -4.500000e+001 -1.202535e+001 -3.411899e+000
      vertex  0.000000e+000 -1.193581e+001 -3.713020e+000
    endloop
  endfacet
  facet normal  -0.000000e+000 -9.585223e-001 -2.850176e-001
    outer loop
      vertex  0.000000e+000 -1.193581e+001 -3.713020e+000
      vertex -4.500000e+001 -1.202535e+001 -3.411899e+000
      vertex -4.500000e+001 -1.193581e+001 -3.713020e+000
    endloop
  endfacet
  facet normal  0.000000e+000 -9.510562e-001 -3.090181e-001
    outer loop
      vertex  0.000000e+000 -1.193581e+001 -3.713020e+000
      vertex -4.500000e+001 -1.193581e+001 -3.713020e+000
      vertex  0.000000e+000 -1.183873e+001 -4.011795e+000
    endloop
  endfacet
  facet normal  -0.000000e+000 -9.510562e-001 -3.090181e-001
    outer loop
      vertex  0.000000e+000 -1.183873e+001 -4.011795e+000
      vertex -4.500000e+001 -1.193581e+001 -3.713020e+000
      vertex -4.500000e+001 -1.183873e+001 -4.011795e+000
    endloop
  endfacet
  facet normal  0.000000e+000 -9.429901e-001 -3.328211e-001
    outer loop
      vertex  0.000000e+000 -1.183873e+001 -4.011795e+000
      vertex -4.500000e+001 -1.183873e+001 -4.011795e+000
      vertex  0.000000e+000 -1.173417e+001 -4.308036e+000
    endloop
  endfacet
  facet normal  -0.000000e+000 -9.429901e-001 -3.328211e-001
    outer loop
      vertex  0.000000e+000 -1.173417e+001 -4.308036e+000
      vertex -4.500000e+001 -1.183873e+001 -4.011795e+000
      vertex -4.500000e+001 -1.173417e+001 -4.308036e+000
    endloop
  endfacet
  facet normal  0.000000e+000 -9.343291e-001 -3.564116e-001
    outer loop
      vertex  0.000000e+000 -1.173417e+001 -4.308036e+000
      vertex -4.500000e+001 -1.173417e+001 -4.308036e+000
      vertex  0.000000e+000 -1.162221e+001 -4.601557e+000
    endloop
  endfacet
  facet normal  -0.000000e+000 -9.343291e-001 -3.564116e-001
    outer loop
      vertex  0.000000e+000 -1.162221e+001 -4.601557e+000
      vertex -4.500000e+001 -1.173417e+001 -4.308036e+000
      vertex -4.500000e+001 -1.162221e+001 -4.601557e+000
    endloop
  endfacet
  facet normal  0.000000e+000 -9.250779e-001 -3.797776e-001
    outer loop
      vertex  0.000000e+000 -1.162221e+001 -4.601557e+000
      vertex -4.500000e+001 -1.162221e+001 -4.601557e+000
      vertex  0.000000e+000 -1.150290e+001 -4.892171e+000
    endloop
  endfacet
  facet normal  -0.000000e+000 -9.250779e-001 -3.797776e-001
    outer loop
      vertex  0.000000e+000 -1.150290e+001 -4.892171e+000
      vertex -4.500000e+001 -1.162221e+001 -4.601557e+000
      vertex -4.500000e+001 -1.150290e+001 -4.892171e+000
    endloop
  endfacet
  facet normal  0.000000e+000 -9.152409e-001 -4.029069e-001
    outer loop
      vertex  0.000000e+000 -1.150290e+001 -4.892171e+000
      vertex -4.500000e+001 -1.150290e+001 -4.892171e+000
      vertex  0.000000e+000 -1.137632e+001 -5.179695e+000
    endloop
  endfacet
  facet normal  -0.000000e+000 -9.152409e-001 -4.029069e-001
    outer loop
      vertex  0.000000e+000 -1.137632e+001 -5.179695e+000
      vertex -4.500000e+001 -1.150290e+001 -4.892171e+000
      vertex -4.500000e+001 -1.137632e+001 -5.179695e+000
    endloop
  endfacet
  facet normal  0.000000e+000 -9.048278e-001 -4.257777e-001
    outer loop
      vertex  0.000000e+000 -1.137632e+001 -5.179695e+000
      vertex -4.500000e+001 -1.137632e+001 -5.179695e+000
      vertex  0.000000e+000 -1.124257e+001 -5.463947e+000
    endloop
  endfacet
  facet normal  -0.000000e+000 -9.048278e-001 -4.257777e-001
    outer loop
      vertex  0.000000e+000 -1.124257e+001 -5.463947e+000
      vertex -4.500000e+001 -1.137632e+001 -5.179695e+000
      vertex -4.500000e+001 -1.124257e+001 -5.463947e+000
    endloop
  endfacet
  facet normal  0.000000e+000 -8.938405e-001 -4.483850e-001
    outer loop
      vertex  0.000000e+000 -1.124257e+001 -5.463947e+000
      vertex -4.500000e+001 -1.124257e+001 -5.463947e+000
      vertex  0.000000e+000 -1.110171e+001 -5.744748e+000
    endloop
  endfacet
  facet normal  -0.000000e+000 -8.938405e-001 -4.483850e-001
    outer loop
      vertex  0.000000e+000 -1.110171e+001 -5.744748e+000
      vertex -4.500000e+001 -1.124257e+001 -5.463947e+000
      vertex -4.500000e+001 -1.110171e+001 -5.744748e+000
    endloop
  endfacet
  facet normal  0.000000e+000 -8.822917e-001 -4.707031e-001
    outer loop
      vertex  0.000000e+000 -1.110171e+001 -5.744748e+000
      vertex -4.500000e+001 -1.110171e+001 -5.744748e+000
      vertex  0.000000e+000 -1.095383e+001 -6.021921e+000
    endloop
  endfacet
  facet normal  -0.000000e+000 -8.822917e-001 -4.707031e-001
    outer loop
      vertex  0.000000e+000 -1.095383e+001 -6.021921e+000
      vertex -4.500000e+001 -1.110171e+001 -5.744748e+000
      vertex -4.500000e+001 -1.095383e+001 -6.021921e+000
    endloop
  endfacet
  facet normal  0.000000e+000 -8.701835e-001 -4.927279e-001
    outer loop
      vertex  0.000000e+000 -1.095383e+001 -6.021921e+000
      vertex -4.500000e+001 -1.095383e+001 -6.021921e+000
      vertex  0.000000e+000 -1.079904e+001 -6.295290e+000
    endloop
  endfacet
  facet normal  -0.000000e+000 -8.701835e-001 -4.927279e-001
    outer loop
      vertex  0.000000e+000 -1.079904e+001 -6.295290e+000
      vertex -4.500000e+001 -1.095383e+001 -6.021921e+000
      vertex -4.500000e+001 -1.079904e+001 -6.295290e+000
    endloop
  endfacet
  facet normal  0.000000e+000 -8.575269e-001 -5.144390e-001
    outer loop
      vertex  0.000000e+000 -1.079904e+001 -6.295290e+000
      vertex -4.500000e+001 -1.079904e+001 -6.295290e+000
      vertex  0.000000e+000 -1.063743e+001 -6.564683e+000
    endloop
  endfacet
  facet normal  -0.000000e+000 -8.575269e-001 -5.144390e-001
    outer loop
      vertex  0.000000e+000 -1.063743e+001 -6.564683e+000
      vertex -4.500000e+001 -1.079904e+001 -6.295290e+000
      vertex -4.500000e+001 -1.063743e+001 -6.564683e+000
    endloop
  endfacet
  facet normal  0.000000e+000 -8.443283e-001 -5.358261e-001
    outer loop
      vertex  0.000000e+000 -1.063743e+001 -6.564683e+000
      vertex -4.500000e+001 -1.063743e+001 -6.564683e+000
      vertex  0.000000e+000 -1.046910e+001 -6.829929e+000
    endloop
  endfacet
  facet normal  -0.000000e+000 -8.443283e-001 -5.358261e-001
    outer loop
      vertex  0.000000e+000 -1.046910e+001 -6.829929e+000
      vertex -4.500000e+001 -1.063743e+001 -6.564683e+000
      vertex -4.500000e+001 -1.046910e+001 -6.829929e+000
    endloop
  endfacet
  facet normal  0.000000e+000 -8.305945e-001 -5.568777e-001
    outer loop
      vertex  0.000000e+000 -1.046910e+001 -6.829929e+000
      vertex -4.500000e+001 -1.046910e+001 -6.829929e+000
      vertex  0.000000e+000 -1.029416e+001 -7.090862e+000
    endloop
  endfacet
  facet normal  -0.000000e+000 -8.305945e-001 -5.568777e-001
    outer loop
      vertex  0.000000e+000 -1.029416e+001 -7.090862e+000
      vertex -4.500000e+001 -1.046910e+001 -6.829929e+000
      vertex -4.500000e+001 -1.029416e+001 -7.090862e+000
    endloop
  endfacet
  facet normal  0.000000e+000 -8.163408e-001 -5.775706e-001
    outer loop
      vertex  0.000000e+000 -1.029416e+001 -7.090862e+000
      vertex -4.500000e+001 -1.029416e+001 -7.090862e+000
      vertex  0.000000e+000 -1.011271e+001 -7.347316e+000
    endloop
  endfacet
  facet normal  -0.000000e+000 -8.163408e-001 -5.775706e-001
    outer loop
      vertex  0.000000e+000 -1.011271e+001 -7.347316e+000
      vertex -4.500000e+001 -1.029416e+001 -7.090862e+000
      vertex -4.500000e+001 -1.011271e+001 -7.347316e+000
    endloop
  endfacet
  facet normal  0.000000e+000 -8.015663e-001 -5.979060e-001
    outer loop
      vertex  0.000000e+000 -1.011271e+001 -7.347316e+000
      vertex -4.500000e+001 -1.011271e+001 -7.347316e+000
      vertex  0.000000e+000 -9.924880e+000 -7.599129e+000
    endloop
  endfacet
  facet normal  -0.000000e+000 -8.015663e-001 -5.979060e-001
    outer loop
      vertex  0.000000e+000 -9.924880e+000 -7.599129e+000
      vertex -4.500000e+001 -1.011271e+001 -7.347316e+000
      vertex -4.500000e+001 -9.924880e+000 -7.599129e+000
    endloop
  endfacet
  facet normal  0.000000e+000 -7.862880e-001 -6.178601e-001
    outer loop
      vertex  0.000000e+000 -9.924880e+000 -7.599129e+000
      vertex -4.500000e+001 -9.924880e+000 -7.599129e+000
      vertex  0.000000e+000 -9.730779e+000 -7.846142e+000
    endloop
  endfacet
  facet normal  -0.000000e+000 -7.862880e-001 -6.178601e-001
    outer loop
      vertex  0.000000e+000 -9.730779e+000 -7.846142e+000
      vertex -4.500000e+001 -9.924880e+000 -7.599129e+000
      vertex -4.500000e+001 -9.730779e+000 -7.846142e+000
    endloop
  endfacet
  facet normal  0.000000e+000 -7.705131e-001 -6.374243e-001
    outer loop
      vertex  0.000000e+000 -9.730779e+000 -7.846142e+000
      vertex -4.500000e+001 -9.730779e+000 -7.846142e+000
      vertex  0.000000e+000 -9.530531e+000 -8.088200e+000
    endloop
  endfacet
  facet normal  -0.000000e+000 -7.705131e-001 -6.374243e-001
    outer loop
      vertex  0.000000e+000 -9.530531e+000 -8.088200e+000
      vertex -4.500000e+001 -9.730779e+000 -7.846142e+000
      vertex -4.500000e+001 -9.530531e+000 -8.088200e+000
    endloop
  endfacet
  facet normal  0.000000e+000 -7.542526e-001 -6.565843e-001
    outer loop
      vertex  0.000000e+000 -9.530531e+000 -8.088200e+000
      vertex -4.500000e+001 -9.530531e+000 -8.088200e+000
      vertex  0.000000e+000 -9.324265e+000 -8.325149e+000
    endloop
  endfacet
  facet normal  -0.000000e+000 -7.542526e-001 -6.565843e-001
    outer loop
      vertex  0.000000e+000 -9.324265e+000 -8.325149e+000
      vertex -4.500000e+001 -9.530531e+000 -8.088200e+000
      vertex -4.500000e+001 -9.324265e+000 -8.325149e+000
    endloop
  endfacet
  facet normal  0.000000e+000 -7.375134e-001 -6.753327e-001
    outer loop
      vertex  0.000000e+000 -9.324265e+000 -8.325149e+000
      vertex -4.500000e+001 -9.324265e+000 -8.325149e+000
      vertex  0.000000e+000 -9.112108e+000 -8.556839e+000
    endloop
  endfacet
  facet normal  -0.000000e+000 -7.375134e-001 -6.753327e-001
    outer loop
      vertex  0.000000e+000 -9.112108e+000 -8.556839e+000
      vertex -4.500000e+001 -9.324265e+000 -8.325149e+000
      vertex -4.500000e+001 -9.112108e+000 -8.556839e+000
    endloop
  endfacet
  facet normal  0.000000e+000 -7.203080e-001 -6.936545e-001
    outer loop
      vertex  0.000000e+000 -9.112108e+000 -8.556839e+000
      vertex -4.500000e+001 -9.112108e+000 -8.556839e+000
      vertex  0.000000e+000 -8.894196e+000 -8.783125e+000
    endloop
  endfacet
  facet normal  -0.000000e+000 -7.203080e-001 -6.936545e-001
    outer loop
      vertex  0.000000e+000 -8.894196e+000 -8.783125e+000
      vertex -4.500000e+001 -9.112108e+000 -8.556839e+000
      vertex -4.500000e+001 -8.894196e+000 -8.783125e+000
    endloop
  endfacet
  facet normal  0.000000e+000 -7.026501e-001 -7.115357e-001
    outer loop
      vertex  0.000000e+000 -8.894196e+000 -8.783125e+000
      vertex -4.500000e+001 -8.894196e+000 -8.783125e+000
      vertex  0.000000e+000 -8.670667e+000 -9.003862e+000
    endloop
  endfacet
  facet normal  -0.000000e+000 -7.026501e-001 -7.115357e-001
    outer loop
      vertex  0.000000e+000 -8.670667e+000 -9.003862e+000
      vertex -4.500000e+001 -8.894196e+000 -8.783125e+000
      vertex -4.500000e+001 -8.670667e+000 -9.003862e+000
    endloop
  endfacet
  facet normal  0.000000e+000 -6.845471e-001 -7.289687e-001
    outer loop
      vertex  0.000000e+000 -8.670667e+000 -9.003862e+000
      vertex -4.500000e+001 -8.670667e+000 -9.003862e+000
      vertex  0.000000e+000 -8.441660e+000 -9.218914e+000
    endloop
  endfacet
  facet normal  -0.000000e+000 -6.845471e-001 -7.289687e-001
    outer loop
      vertex  0.000000e+000 -8.441660e+000 -9.218914e+000
      vertex -4.500000e+001 -8.670667e+000 -9.003862e+000
      vertex -4.500000e+001 -8.441660e+000 -9.218914e+000
    endloop
  endfacet
  facet normal  0.000000e+000 -6.660128e-001 -7.459403e-001
    outer loop
      vertex  0.000000e+000 -8.441660e+000 -9.218914e+000
      vertex -4.500000e+001 -8.441660e+000 -9.218914e+000
      vertex  0.000000e+000 -8.207322e+000 -9.428143e+000
    endloop
  endfacet
  facet normal  -0.000000e+000 -6.660128e-001 -7.459403e-001
    outer loop
      vertex  0.000000e+000 -8.207322e+000 -9.428143e+000
      vertex -4.500000e+001 -8.441660e+000 -9.218914e+000
      vertex -4.500000e+001 -8.207322e+000 -9.428143e+000
    endloop
  endfacet
  facet normal  0.000000e+000 -6.470545e-001 -7.624438e-001
    outer loop
      vertex  0.000000e+000 -8.207322e+000 -9.428143e+000
      vertex -4.500000e+001 -8.207322e+000 -9.428143e+000
      vertex  0.000000e+000 -7.967800e+000 -9.631415e+000
    endloop
  endfacet
  facet normal  -0.000000e+000 -6.470545e-001 -7.624438e-001
    outer loop
      vertex  0.000000e+000 -7.967800e+000 -9.631415e+000
      vertex -4.500000e+001 -8.207322e+000 -9.428143e+000
      vertex -4.500000e+001 -7.967800e+000 -9.631415e+000
    endloop
  endfacet
  facet normal  0.000000e+000 -6.276925e-001 -7.784615e-001
    outer loop
      vertex  0.000000e+000 -7.967800e+000 -9.631415e+000
      vertex -4.500000e+001 -7.967800e+000 -9.631415e+000
      vertex  0.000000e+000 -7.723245e+000 -9.828606e+000
    endloop
  endfacet
  facet normal  -0.000000e+000 -6.276925e-001 -7.784615e-001
    outer loop
      vertex  0.000000e+000 -7.723245e+000 -9.828606e+000
      vertex -4.500000e+001 -7.967800e+000 -9.631415e+000
      vertex -4.500000e+001 -7.723245e+000 -9.828606e+000
    endloop
  endfacet
  facet normal  0.000000e+000 -6.079299e-001 -7.939907e-001
    outer loop
      vertex  0.000000e+000 -7.723245e+000 -9.828606e+000
      vertex -4.500000e+001 -7.723245e+000 -9.828606e+000
      vertex  0.000000e+000 -7.473812e+000 -1.001959e+001
    endloop
  endfacet
  facet normal  -0.000000e+000 -6.079299e-001 -7.939907e-001
    outer loop
      vertex  0.000000e+000 -7.473812e+000 -1.001959e+001
      vertex -4.500000e+001 -7.723245e+000 -9.828606e+000
      vertex -4.500000e+001 -7.473812e+000 -1.001959e+001
    endloop
  endfacet
  facet normal  0.000000e+000 -5.877855e-001 -8.090167e-001
    outer loop
      vertex  0.000000e+000 -7.473812e+000 -1.001959e+001
      vertex -4.500000e+001 -7.473812e+000 -1.001959e+001
      vertex  0.000000e+000 -7.219659e+000 -1.020424e+001
    endloop
  endfacet
  facet normal  -0.000000e+000 -5.877855e-001 -8.090167e-001
    outer loop
      vertex  0.000000e+000 -7.219659e+000 -1.020424e+001
      vertex -4.500000e+001 -7.473812e+000 -1.001959e+001
      vertex -4.500000e+001 -7.219659e+000 -1.020424e+001
    endloop
  endfacet
  facet normal  0.000000e+000 -5.672693e-001 -8.235323e-001
    outer loop
      vertex  0.000000e+000 -7.219659e+000 -1.020424e+001
      vertex -4.500000e+001 -7.219659e+000 -1.020424e+001
      vertex  0.000000e+000 -6.960945e+000 -1.038245e+001
    endloop
  endfacet
  facet normal  -0.000000e+000 -5.672693e-001 -8.235323e-001
    outer loop
      vertex  0.000000e+000 -6.960945e+000 -1.038245e+001
      vertex -4.500000e+001 -7.219659e+000 -1.020424e+001
      vertex -4.500000e+001 -6.960945e+000 -1.038245e+001
    endloop
  endfacet
  facet normal  0.000000e+000 -5.463936e-001 -8.375286e-001
    outer loop
      vertex  0.000000e+000 -6.960945e+000 -1.038245e+001
      vertex -4.500000e+001 -6.960945e+000 -1.038245e+001
      vertex  0.000000e+000 -6.697835e+000 -1.055410e+001
    endloop
  endfacet
  facet normal  -0.000000e+000 -5.463936e-001 -8.375286e-001
    outer loop
      vertex  0.000000e+000 -6.697835e+000 -1.055410e+001
      vertex -4.500000e+001 -6.960945e+000 -1.038245e+001
      vertex -4.500000e+001 -6.697835e+000 -1.055410e+001
    endloop
  endfacet
  facet normal  0.000000e+000 -5.251739e-001 -8.509949e-001
    outer loop
      vertex  0.000000e+000 -6.697835e+000 -1.055410e+001
      vertex -4.500000e+001 -6.697835e+000 -1.055410e+001
      vertex  0.000000e+000 -6.430494e+000 -1.071908e+001
    endloop
  endfacet
  facet normal  -0.000000e+000 -5.251739e-001 -8.509949e-001
    outer loop
      vertex  0.000000e+000 -6.430494e+000 -1.071908e+001
      vertex -4.500000e+001 -6.697835e+000 -1.055410e+001
      vertex -4.500000e+001 -6.430494e+000 -1.071908e+001
    endloop
  endfacet
  facet normal  0.000000e+000 -5.036252e-001 -8.639222e-001
    outer loop
      vertex  0.000000e+000 -6.430494e+000 -1.071908e+001
      vertex -4.500000e+001 -6.430494e+000 -1.071908e+001
      vertex  0.000000e+000 -6.159092e+000 -1.087730e+001
    endloop
  endfacet
  facet normal  -0.000000e+000 -5.036252e-001 -8.639222e-001
    outer loop
      vertex  0.000000e+000 -6.159092e+000 -1.087730e+001
      vertex -4.500000e+001 -6.430494e+000 -1.071908e+001
      vertex -4.500000e+001 -6.159092e+000 -1.087730e+001
    endloop
  endfacet
  facet normal  0.000000e+000 -4.817532e-001 -8.763070e-001
    outer loop
      vertex  0.000000e+000 -6.159092e+000 -1.087730e+001
      vertex -4.500000e+001 -6.159092e+000 -1.087730e+001
      vertex  0.000000e+000 -5.883799e+000 -1.102864e+001
    endloop
  endfacet
  facet normal  -0.000000e+000 -4.817532e-001 -8.763070e-001
    outer loop
      vertex  0.000000e+000 -5.883799e+000 -1.102864e+001
      vertex -4.500000e+001 -6.159092e+000 -1.087730e+001
      vertex -4.500000e+001 -5.883799e+000 -1.102864e+001
    endloop
  endfacet
  facet normal  0.000000e+000 -4.595782e-001 -8.881373e-001
    outer loop
      vertex  0.000000e+000 -5.883799e+000 -1.102864e+001
      vertex -4.500000e+001 -5.883799e+000 -1.102864e+001
      vertex  0.000000e+000 -5.604790e+000 -1.117302e+001
    endloop
  endfacet
  facet normal  -0.000000e+000 -4.595782e-001 -8.881373e-001
    outer loop
      vertex  0.000000e+000 -5.604790e+000 -1.117302e+001
      vertex -4.500000e+001 -5.883799e+000 -1.102864e+001
      vertex -4.500000e+001 -5.604790e+000 -1.117302e+001
    endloop
  endfacet
  facet normal  0.000000e+000 -4.371164e-001 -8.994049e-001
    outer loop
      vertex  0.000000e+000 -5.604790e+000 -1.117302e+001
      vertex -4.500000e+001 -5.604790e+000 -1.117302e+001
      vertex  0.000000e+000 -5.322241e+000 -1.131034e+001
    endloop
  endfacet
  facet normal  -0.000000e+000 -4.371164e-001 -8.994049e-001
    outer loop
      vertex  0.000000e+000 -5.322241e+000 -1.131034e+001
      vertex -4.500000e+001 -5.604790e+000 -1.117302e+001
      vertex -4.500000e+001 -5.322241e+000 -1.131034e+001
    endloop
  endfacet
  facet normal  0.000000e+000 -4.143752e-001 -9.101061e-001
    outer loop
      vertex  0.000000e+000 -5.322241e+000 -1.131034e+001
      vertex -4.500000e+001 -5.322241e+000 -1.131034e+001
      vertex  0.000000e+000 -5.036330e+000 -1.144051e+001
    endloop
  endfacet
  facet normal  -0.000000e+000 -4.143752e-001 -9.101061e-001
    outer loop
      vertex  0.000000e+000 -5.036330e+000 -1.144051e+001
      vertex -4.500000e+001 -5.322241e+000 -1.131034e+001
      vertex -4.500000e+001 -5.036330e+000 -1.144051e+001
    endloop
  endfacet
  facet normal  0.000000e+000 -3.913742e-001 -9.202316e-001
    outer loop
      vertex  0.000000e+000 -5.036330e+000 -1.144051e+001
      vertex -4.500000e+001 -5.036330e+000 -1.144051e+001
      vertex  0.000000e+000 -4.747239e+000 -1.156347e+001
    endloop
  endfacet
  facet normal  -0.000000e+000 -3.913742e-001 -9.202316e-001
    outer loop
      vertex  0.000000e+000 -4.747239e+000 -1.156347e+001
      vertex -4.500000e+001 -5.036330e+000 -1.144051e+001
      vertex -4.500000e+001 -4.747239e+000 -1.156347e+001
    endloop
  endfacet
  facet normal  0.000000e+000 -3.681239e-001 -9.297767e-001
    outer loop
      vertex  0.000000e+000 -4.747239e+000 -1.156347e+001
      vertex -4.500000e+001 -4.747239e+000 -1.156347e+001
      vertex  0.000000e+000 -4.455149e+000 -1.167911e+001
    endloop
  endfacet
  facet normal  -0.000000e+000 -3.681239e-001 -9.297767e-001
    outer loop
      vertex  0.000000e+000 -4.455149e+000 -1.167911e+001
      vertex -4.500000e+001 -4.747239e+000 -1.156347e+001
      vertex -4.500000e+001 -4.455149e+000 -1.167911e+001
    endloop
  endfacet
  facet normal  0.000000e+000 -3.446449e-001 -9.387331e-001
    outer loop
      vertex  0.000000e+000 -4.455149e+000 -1.167911e+001
      vertex -4.500000e+001 -4.455149e+000 -1.167911e+001
      vertex  0.000000e+000 -4.160244e+000 -1.178738e+001
    endloop
  endfacet
  facet normal  -0.000000e+000 -3.446449e-001 -9.387331e-001
    outer loop
      vertex  0.000000e+000 -4.160244e+000 -1.178738e+001
      vertex -4.500000e+001 -4.455149e+000 -1.167911e+001
      vertex -4.500000e+001 -4.160244e+000 -1.178738e+001
    endloop
  endfacet
  facet normal  0.000000e+000 -3.209423e-001 -9.470987e-001
    outer loop
      vertex  0.000000e+000 -4.160244e+000 -1.178738e+001
      vertex -4.500000e+001 -4.160244e+000 -1.178738e+001
      vertex  0.000000e+000 -3.862712e+000 -1.188821e+001
    endloop
  endfacet
  facet normal  -0.000000e+000 -3.209423e-001 -9.470987e-001
    outer loop
      vertex  0.000000e+000 -3.862712e+000 -1.188821e+001
      vertex -4.500000e+001 -4.160244e+000 -1.178738e+001
      vertex -4.500000e+001 -3.862712e+000 -1.188821e+001
    endloop
  endfacet
  facet normal  0.000000e+000 -2.970422e-001 -9.548644e-001
    outer loop
      vertex  0.000000e+000 -3.862712e+000 -1.188821e+001
      vertex -4.500000e+001 -3.862712e+000 -1.188821e+001
      vertex  0.000000e+000 -3.562741e+000 -1.198152e+001
    endloop
  endfacet
  facet normal  -0.000000e+000 -2.970422e-001 -9.548644e-001
    outer loop
      vertex  0.000000e+000 -3.562741e+000 -1.198152e+001
      vertex -4.500000e+001 -3.862712e+000 -1.188821e+001
      vertex -4.500000e+001 -3.562741e+000 -1.198152e+001
    endloop
  endfacet
  facet normal  0.000000e+000 -2.729507e-001 -9.620280e-001
    outer loop
      vertex  0.000000e+000 -3.562741e+000 -1.198152e+001
      vertex -4.500000e+001 -3.562741e+000 -1.198152e+001
      vertex  0.000000e+000 -3.260519e+000 -1.206727e+001
    endloop
  endfacet
  facet normal  -0.000000e+000 -2.729507e-001 -9.620280e-001
    outer loop
      vertex  0.000000e+000 -3.260519e+000 -1.206727e+001
      vertex -4.500000e+001 -3.562741e+000 -1.198152e+001
      vertex -4.500000e+001 -3.260519e+000 -1.206727e+001
    endloop
  endfacet
  facet normal  0.000000e+000 -2.486893e-001 -9.685833e-001
    outer loop
      vertex  0.000000e+000 -3.260519e+000 -1.206727e+001
      vertex -4.500000e+001 -3.260519e+000 -1.206727e+001
      vertex  0.000000e+000 -2.956238e+000 -1.214540e+001
    endloop
  endfacet
  facet normal  -0.000000e+000 -2.486893e-001 -9.685833e-001
    outer loop
      vertex  0.000000e+000 -2.956238e+000 -1.214540e+001
      vertex -4.500000e+001 -3.260519e+000 -1.206727e+001
      vertex -4.500000e+001 -2.956238e+000 -1.214540e+001
    endloop
  endfacet
  facet normal  0.000000e+000 -2.242727e-001 -9.745264e-001
    outer loop
      vertex  0.000000e+000 -2.956238e+000 -1.214540e+001
      vertex -4.500000e+001 -2.956238e+000 -1.214540e+001
      vertex  0.000000e+000 -2.650089e+000 -1.221585e+001
    endloop
  endfacet
  facet normal  -0.000000e+000 -2.242727e-001 -9.745264e-001
    outer loop
      vertex  0.000000e+000 -2.650089e+000 -1.221585e+001
      vertex -4.500000e+001 -2.956238e+000 -1.214540e+001
      vertex -4.500000e+001 -2.650089e+000 -1.221585e+001
    endloop
  endfacet
  facet normal  0.000000e+000 -1.997079e-001 -9.798555e-001
    outer loop
      vertex  0.000000e+000 -2.650089e+000 -1.221585e+001
      vertex -4.500000e+001 -2.650089e+000 -1.221585e+001
      vertex  0.000000e+000 -2.342266e+000 -1.227859e+001
    endloop
  endfacet
  facet normal  -0.000000e+000 -1.997079e-001 -9.798555e-001
    outer loop
      vertex  0.000000e+000 -2.342266e+000 -1.227859e+001
      vertex -4.500000e+001 -2.650089e+000 -1.221585e+001
      vertex -4.500000e+001 -2.342266e+000 -1.227859e+001
    endloop
  endfacet
  facet normal  0.000000e+000 -1.750244e-001 -9.845641e-001
    outer loop
      vertex  0.000000e+000 -2.342266e+000 -1.227859e+001
      vertex -4.500000e+001 -2.342266e+000 -1.227859e+001
      vertex  0.000000e+000 -2.032964e+000 -1.233357e+001
    endloop
  endfacet
  facet normal  -0.000000e+000 -1.750244e-001 -9.845641e-001
    outer loop
      vertex  0.000000e+000 -2.032964e+000 -1.233357e+001
      vertex -4.500000e+001 -2.342266e+000 -1.227859e+001
      vertex -4.500000e+001 -2.032964e+000 -1.233357e+001
    endloop
  endfacet
  facet normal  0.000000e+000 -1.502257e-001 -9.886517e-001
    outer loop
      vertex  0.000000e+000 -2.032964e+000 -1.233357e+001
      vertex -4.500000e+001 -2.032964e+000 -1.233357e+001
      vertex  0.000000e+000 -1.722379e+000 -1.238077e+001
    endloop
  endfacet
  facet normal  -0.000000e+000 -1.502257e-001 -9.886517e-001
    outer loop
      vertex  0.000000e+000 -1.722379e+000 -1.238077e+001
      vertex -4.500000e+001 -2.032964e+000 -1.233357e+001
      vertex -4.500000e+001 -1.722379e+000 -1.238077e+001
    endloop
  endfacet
  facet normal  0.000000e+000 -1.253327e-001 -9.921147e-001
    outer loop
      vertex  0.000000e+000 -1.722379e+000 -1.238077e+001
      vertex -4.500000e+001 -1.722379e+000 -1.238077e+001
      vertex  0.000000e+000 -1.410705e+000 -1.242014e+001
    endloop
  endfacet
  facet normal  -0.000000e+000 -1.253327e-001 -9.921147e-001
    outer loop
      vertex  0.000000e+000 -1.410705e+000 -1.242014e+001
      vertex -4.500000e+001 -1.722379e+000 -1.238077e+001
      vertex -4.500000e+001 -1.410705e+000 -1.242014e+001
    endloop
  endfacet
  facet normal  0.000000e+000 -1.003609e-001 -9.949511e-001
    outer loop
      vertex  0.000000e+000 -1.410705e+000 -1.242014e+001
      vertex -4.500000e+001 -1.410705e+000 -1.242014e+001
      vertex  0.000000e+000 -1.098140e+000 -1.245167e+001
    endloop
  endfacet
  facet normal  -0.000000e+000 -1.003609e-001 -9.949511e-001
    outer loop
      vertex  0.000000e+000 -1.098140e+000 -1.245167e+001
      vertex -4.500000e+001 -1.410705e+000 -1.242014e+001
      vertex -4.500000e+001 -1.098140e+000 -1.245167e+001
    endloop
  endfacet
  facet normal  0.000000e+000 -7.532832e-002 -9.971588e-001
    outer loop
      vertex  0.000000e+000 -1.098140e+000 -1.245167e+001
      vertex -4.500000e+001 -1.098140e+000 -1.245167e+001
      vertex  0.000000e+000 -7.848815e-001 -1.247533e+001
    endloop
  endfacet
  facet normal  -0.000000e+000 -7.532832e-002 -9.971588e-001
    outer loop
      vertex  0.000000e+000 -7.848815e-001 -1.247533e+001
      vertex -4.500000e+001 -1.098140e+000 -1.245167e+001
      vertex -4.500000e+001 -7.848815e-001 -1.247533e+001
    endloop
  endfacet
  facet normal  0.000000e+000 -5.024419e-002 -9.987369e-001
    outer loop
      vertex  0.000000e+000 -7.848815e-001 -1.247533e+001
      vertex -4.500000e+001 -7.848815e-001 -1.247533e+001
      vertex  0.000000e+000 -4.711273e-001 -1.249112e+001
    endloop
  endfacet
  facet normal  -0.000000e+000 -5.024419e-002 -9.987369e-001
    outer loop
      vertex  0.000000e+000 -4.711273e-001 -1.249112e+001
      vertex -4.500000e+001 -7.848815e-001 -1.247533e+001
      vertex -4.500000e+001 -4.711273e-001 -1.249112e+001
    endloop
  endfacet
  facet normal  0.000000e+000 -2.512969e-002 -9.996843e-001
    outer loop
      vertex  0.000000e+000 -4.711273e-001 -1.249112e+001
      vertex -4.500000e+001 -4.711273e-001 -1.249112e+001
      vertex  0.000000e+000 -1.570755e-001 -1.249901e+001
    endloop
  endfacet
  facet normal  -0.000000e+000 -2.512969e-002 -9.996843e-001
    outer loop
      vertex  0.000000e+000 -1.570755e-001 -1.249901e+001
      vertex -4.500000e+001 -4.711273e-001 -1.249112e+001
      vertex -4.500000e+001 -1.570755e-001 -1.249901e+001
    endloop
  endfacet
  facet normal  0.000000e+000  0.000000e+000 -1.000000e+000
    outer loop
      vertex  0.000000e+000 -1.570755e-001 -1.249901e+001
      vertex -4.500000e+001 -1.570755e-001 -1.249901e+001
      vertex  0.000000e+000  1.570755e-001 -1.249901e+001
    endloop
  endfacet
  facet normal  -0.000000e+000  0.000000e+000 -1.000000e+000
    outer loop
      vertex  0.000000e+000  1.570755e-001 -1.249901e+001
      vertex -4.500000e+001 -1.570755e-001 -1.249901e+001
      vertex -4.500000e+001  1.570755e-001 -1.249901e+001
    endloop
  endfacet
  facet normal  0.000000e+000  2.512969e-002 -9.996843e-001
    outer loop
      vertex  0.000000e+000  1.570755e-001 -1.249901e+001
      vertex -4.500000e+001  1.570755e-001 -1.249901e+001
      vertex  0.000000e+000  4.711273e-001 -1.249112e+001
    endloop
  endfacet
  facet normal  0.000000e+000  2.512969e-002 -9.996843e-001
    outer loop
      vertex  0.000000e+000  4.711273e-001 -1.249112e+001
      vertex -4.500000e+001  1.570755e-001 -1.249901e+001
      vertex -4.500000e+001  4.711273e-001 -1.249112e+001
    endloop
  endfacet
  facet normal  0.000000e+000  5.024419e-002 -9.987369e-001
    outer loop
      vertex  0.000000e+000  4.711273e-001 -1.249112e+001
      vertex -4.500000e+001  4.711273e-001 -1.249112e+001
      vertex  0.000000e+000  7.848815e-001 -1.247533e+001
    endloop
  endfacet
  facet normal  0.000000e+000  5.024419e-002 -9.987369e-001
    outer loop
      vertex  0.000000e+000  7.848815e-001 -1.247533e+001
      vertex -4.500000e+001  4.711273e-001 -1.249112e+001
      vertex -4.500000e+001  7.848815e-001 -1.247533e+001
    endloop
  endfacet
  facet normal  0.000000e+000  7.532832e-002 -9.971588e-001
    outer loop
      vertex  0.000000e+000  7.848815e-001 -1.247533e+001
      vertex -4.500000e+001  7.848815e-001 -1.247533e+001
      vertex  0.000000e+000  1.098140e+000 -1.245167e+001
    endloop
  endfacet
  facet normal  0.000000e+000  7.532832e-002 -9.971588e-001
    outer loop
      vertex  0.000000e+000  1.098140e+000 -1.245167e+001
      vertex -4.500000e+001  7.848815e-001 -1.247533e+001
      vertex -4.500000e+001  1.098140e+000 -1.245167e+001
    endloop
  endfacet
  facet normal  0.000000e+000  1.003609e-001 -9.949511e-001
    outer loop
      vertex  0.000000e+000  1.098140e+000 -1.245167e+001
      vertex -4.500000e+001  1.098140e+000 -1.245167e+001
      vertex  0.000000e+000  1.410705e+000 -1.242014e+001
    endloop
  endfacet
  facet normal  0.000000e+000  1.003609e-001 -9.949511e-001
    outer loop
      vertex  0.000000e+000  1.410705e+000 -1.242014e+001
      vertex -4.500000e+001  1.098140e+000 -1.245167e+001
      vertex -4.500000e+001  1.410705e+000 -1.242014e+001
    endloop
  endfacet
  facet normal  0.000000e+000  1.253327e-001 -9.921147e-001
    outer loop
      vertex  0.000000e+000  1.410705e+000 -1.242014e+001
      vertex -4.500000e+001  1.410705e+000 -1.242014e+001
      vertex  0.000000e+000  1.722379e+000 -1.238077e+001
    endloop
  endfacet
  facet normal  0.000000e+000  1.253327e-001 -9.921147e-001
    outer loop
      vertex  0.000000e+000  1.722379e+000 -1.238077e+001
      vertex -4.500000e+001  1.410705e+000 -1.242014e+001
      vertex -4.500000e+001  1.722379e+000 -1.238077e+001
    endloop
  endfacet
  facet normal  0.000000e+000  1.502257e-001 -9.886517e-001
    outer loop
      vertex  0.000000e+000  1.722379e+000 -1.238077e+001
      vertex -4.500000e+001  1.722379e+000 -1.238077e+001
      vertex  0.000000e+000  2.032964e+000 -1.233357e+001
    endloop
  endfacet
  facet normal  0.000000e+000  1.502257e-001 -9.886517e-001
    outer loop
      vertex  0.000000e+000  2.032964e+000 -1.233357e+001
      vertex -4.500000e+001  1.722379e+000 -1.238077e+001
      vertex -4.500000e+001  2.032964e+000 -1.233357e+001
    endloop
  endfacet
  facet normal  0.000000e+000  1.750244e-001 -9.845641e-001
    outer loop
      vertex  0.000000e+000  2.032964e+000 -1.233357e+001
      vertex -4.500000e+001  2.032964e+000 -1.233357e+001
      vertex  0.000000e+000  2.342266e+000 -1.227859e+001
    endloop
  endfacet
  facet normal  0.000000e+000  1.750244e-001 -9.845641e-001
    outer loop
      vertex  0.000000e+000  2.342266e+000 -1.227859e+001
      vertex -4.500000e+001  2.032964e+000 -1.233357e+001
      vertex -4.500000e+001  2.342266e+000 -1.227859e+001
    endloop
  endfacet
  facet normal  0.000000e+000  1.997079e-001 -9.798555e-001
    outer loop
      vertex  0.000000e+000  2.342266e+000 -1.227859e+001
      vertex -4.500000e+001  2.342266e+000 -1.227859e+001
      vertex  0.000000e+000  2.650089e+000 -1.221585e+001
    endloop
  endfacet
  facet normal  0.000000e+000  1.997079e-001 -9.798555e-001
    outer loop
      vertex  0.000000e+000  2.650089e+000 -1.221585e+001
      vertex -4.500000e+001  2.342266e+000 -1.227859e+001
      vertex -4.500000e+001  2.650089e+000 -1.221585e+001
    endloop
  endfacet
  facet normal  0.000000e+000  2.242727e-001 -9.745264e-001
    outer loop
      vertex  0.000000e+000  2.650089e+000 -1.221585e+001
      vertex -4.500000e+001  2.650089e+000 -1.221585e+001
      vertex  0.000000e+000  2.956238e+000 -1.214540e+001
    endloop
  endfacet
  facet normal  0.000000e+000  2.242727e-001 -9.745264e-001
    outer loop
      vertex  0.000000e+000  2.956238e+000 -1.214540e+001
      vertex -4.500000e+001  2.650089e+000 -1.221585e+001
      vertex -4.500000e+001  2.956238e+000 -1.214540e+001
    endloop
  endfacet
  facet normal  0.000000e+000  2.486893e-001 -9.685833e-001
    outer loop
      vertex  0.000000e+000  2.956238e+000 -1.214540e+001
      vertex -4.500000e+001  2.956238e+000 -1.214540e+001
      vertex  0.000000e+000  3.260519e+000 -1.206727e+001
    endloop
  endfacet
  facet normal  0.000000e+000  2.486893e-001 -9.685833e-001
    outer loop
      vertex  0.000000e+000  3.260519e+000 -1.206727e+001
      vertex -4.500000e+001  2.956238e+000 -1.214540e+001
      vertex -4.500000e+001  3.260519e+000 -1.206727e+001
    endloop
  endfacet
  facet normal  0.000000e+000  2.729507e-001 -9.620280e-001
    outer loop
      vertex  0.000000e+000  3.260519e+000 -1.206727e+001
      vertex -4.500000e+001  3.260519e+000 -1.206727e+001
      vertex  0.000000e+000  3.562741e+000 -1.198152e+001
    endloop
  endfacet
  facet normal  0.000000e+000  2.729507e-001 -9.620280e-001
    outer loop
      vertex  0.000000e+000  3.562741e+000 -1.198152e+001
      vertex -4.500000e+001  3.260519e+000 -1.206727e+001
      vertex -4.500000e+001  3.562741e+000 -1.198152e+001
    endloop
  endfacet
  facet normal  0.000000e+000  2.970422e-001 -9.548644e-001
    outer loop
      vertex  0.000000e+000  3.562741e+000 -1.198152e+001
      vertex -4.500000e+001  3.562741e+000 -1.198152e+001
      vertex  0.000000e+000  3.862712e+000 -1.188821e+001
    endloop
  endfacet
  facet normal  0.000000e+000  2.970422e-001 -9.548644e-001
    outer loop
      vertex  0.000000e+000  3.862712e+000 -1.188821e+001
      vertex -4.500000e+001  3.562741e+000 -1.198152e+001
      vertex -4.500000e+001  3.862712e+000 -1.188821e+001
    endloop
  endfacet
  facet normal  0.000000e+000  3.209423e-001 -9.470987e-001
    outer loop
      vertex  0.000000e+000  3.862712e+000 -1.188821e+001
      vertex -4.500000e+001  3.862712e+000 -1.188821e+001
      vertex  0.000000e+000  4.160244e+000 -1.178738e+001
    endloop
  endfacet
  facet normal  0.000000e+000  3.209423e-001 -9.470987e-001
    outer loop
      vertex  0.000000e+000  4.160244e+000 -1.178738e+001
      vertex -4.500000e+001  3.862712e+000 -1.188821e+001
      vertex -4.500000e+001  4.160244e+000 -1.178738e+001
    endloop
  endfacet
  facet normal  0.000000e+000  3.446449e-001 -9.387331e-001
    outer loop
      vertex  0.000000e+000  4.160244e+000 -1.178738e+001
      vertex -4.500000e+001  4.160244e+000 -1.178738e+001
      vertex  0.000000e+000  4.455149e+000 -1.167911e+001
    endloop
  endfacet
  facet normal  0.000000e+000  3.446449e-001 -9.387331e-001
    outer loop
      vertex  0.000000e+000  4.455149e+000 -1.167911e+001
      vertex -4.500000e+001  4.160244e+000 -1.178738e+001
      vertex -4.500000e+001  4.455149e+000 -1.167911e+001
    endloop
  endfacet
  facet normal  0.000000e+000  3.681239e-001 -9.297767e-001
    outer loop
      vertex  0.000000e+000  4.455149e+000 -1.167911e+001
      vertex -4.500000e+001  4.455149e+000 -1.167911e+001
      vertex  0.000000e+000  4.747239e+000 -1.156347e+001
    endloop
  endfacet
  facet normal  0.000000e+000  3.681239e-001 -9.297767e-001
    outer loop
      vertex  0.000000e+000  4.747239e+000 -1.156347e+001
      vertex -4.500000e+001  4.455149e+000 -1.167911e+001
      vertex -4.500000e+001  4.747239e+000 -1.156347e+001
    endloop
  endfacet
  facet normal  0.000000e+000  3.913742e-001 -9.202316e-001
    outer loop
      vertex  0.000000e+000  4.747239e+000 -1.156347e+001
      vertex -4.500000e+001  4.747239e+000 -1.156347e+001
      vertex  0.000000e+000  5.036330e+000 -1.144051e+001
    endloop
  endfacet
  facet normal  0.000000e+000  3.913742e-001 -9.202316e-001
    outer loop
      vertex  0.000000e+000  5.036330e+000 -1.144051e+001
      vertex -4.500000e+001  4.747239e+000 -1.156347e+001
      vertex -4.500000e+001  5.036330e+000 -1.144051e+001
    endloop
  endfacet
  facet normal  0.000000e+000  4.143752e-001 -9.101061e-001
    outer loop
      vertex  0.000000e+000  5.036330e+000 -1.144051e+001
      vertex -4.500000e+001  5.036330e+000 -1.144051e+001
      vertex  0.000000e+000  5.322241e+000 -1.131034e+001
    endloop
  endfacet
  facet normal  0.000000e+000  4.143752e-001 -9.101061e-001
    outer loop
      vertex  0.000000e+000  5.322241e+000 -1.131034e+001
      vertex -4.500000e+001  5.036330e+000 -1.144051e+001
      vertex -4.500000e+001  5.322241e+000 -1.131034e+001
    endloop
  endfacet
  facet normal  0.000000e+000  4.371164e-001 -8.994049e-001
    outer loop
      vertex  0.000000e+000  5.322241e+000 -1.131034e+001
      vertex -4.500000e+001  5.322241e+000 -1.131034e+001
      vertex  0.000000e+000  5.604790e+000 -1.117302e+001
    endloop
  endfacet
  facet normal  0.000000e+000  4.371164e-001 -8.994049e-001
    outer loop
      vertex  0.000000e+000  5.604790e+000 -1.117302e+001
      vertex -4.500000e+001  5.322241e+000 -1.131034e+001
      vertex -4.500000e+001  5.604790e+000 -1.117302e+001
    endloop
  endfacet
  facet normal  0.000000e+000  4.595782e-001 -8.881373e-001
    outer loop
      vertex  0.000000e+000  5.604790e+000 -1.117302e+001
      vertex -4.500000e+001  5.604790e+000 -1.117302e+001
      vertex  0.000000e+000  5.883799e+000 -1.102864e+001
    endloop
  endfacet
  facet normal  0.000000e+000  4.595782e-001 -8.881373e-001
    outer loop
      vertex  0.000000e+000  5.883799e+000 -1.102864e+001
      vertex -4.500000e+001  5.604790e+000 -1.117302e+001
      vertex -4.500000e+001  5.883799e+000 -1.102864e+001
    endloop
  endfacet
  facet normal  0.000000e+000  4.817532e-001 -8.763070e-001
    outer loop
      vertex  0.000000e+000  5.883799e+000 -1.102864e+001
      vertex -4.500000e+001  5.883799e+000 -1.102864e+001
      vertex  0.000000e+000  6.159092e+000 -1.087730e+001
    endloop
  endfacet
  facet normal  0.000000e+000  4.817532e-001 -8.763070e-001
    outer loop
      vertex  0.000000e+000  6.159092e+000 -1.087730e+001
      vertex -4.500000e+001  5.883799e+000 -1.102864e+001
      vertex -4.500000e+001  6.159092e+000 -1.087730e+001
    endloop
  endfacet
  facet normal  0.000000e+000  5.036252e-001 -8.639222e-001
    outer loop
      vertex  0.000000e+000  6.159092e+000 -1.087730e+001
      vertex -4.500000e+001  6.159092e+000 -1.087730e+001
      vertex  0.000000e+000  6.430494e+000 -1.071908e+001
    endloop
  endfacet
  facet normal  0.000000e+000  5.036252e-001 -8.639222e-001
    outer loop
      vertex  0.000000e+000  6.430494e+000 -1.071908e+001
      vertex -4.500000e+001  6.159092e+000 -1.087730e+001
      vertex -4.500000e+001  6.430494e+000 -1.071908e+001
    endloop
  endfacet
  facet normal  0.000000e+000  5.251739e-001 -8.509949e-001
    outer loop
      vertex  0.000000e+000  6.430494e+000 -1.071908e+001
      vertex -4.500000e+001  6.430494e+000 -1.071908e+001
      vertex  0.000000e+000  6.697835e+000 -1.055410e+001
    endloop
  endfacet
  facet normal  0.000000e+000  5.251739e-001 -8.509949e-001
    outer loop
      vertex  0.000000e+000  6.697835e+000 -1.055410e+001
      vertex -4.500000e+001  6.430494e+000 -1.071908e+001
      vertex -4.500000e+001  6.697835e+000 -1.055410e+001
    endloop
  endfacet
  facet normal  0.000000e+000  5.463936e-001 -8.375286e-001
    outer loop
      vertex  0.000000e+000  6.697835e+000 -1.055410e+001
      vertex -4.500000e+001  6.697835e+000 -1.055410e+001
      vertex  0.000000e+000  6.960945e+000 -1.038245e+001
    endloop
  endfacet
  facet normal  0.000000e+000  5.463936e-001 -8.375286e-001
    outer loop
      vertex  0.000000e+000  6.960945e+000 -1.038245e+001
      vertex -4.500000e+001  6.697835e+000 -1.055410e+001
      vertex -4.500000e+001  6.960945e+000 -1.038245e+001
    endloop
  endfacet
  facet normal  0.000000e+000  5.672693e-001 -8.235323e-001
    outer loop
      vertex  0.000000e+000  6.960945e+000 -1.038245e+001
      vertex -4.500000e+001  6.960945e+000 -1.038245e+001
      vertex  0.000000e+000  7.219659e+000 -1.020424e+001
    endloop
  endfacet
  facet normal  0.000000e+000  5.672693e-001 -8.235323e-001
    outer loop
      vertex  0.000000e+000  7.219659e+000 -1.020424e+001
      vertex -4.500000e+001  6.960945e+000 -1.038245e+001
      vertex -4.500000e+001  7.219659e+000 -1.020424e+001
    endloop
  endfacet
  facet normal  0.000000e+000  5.877855e-001 -8.090167e-001
    outer loop
      vertex  0.000000e+000  7.219659e+000 -1.020424e+001
      vertex -4.500000e+001  7.219659e+000 -1.020424e+001
      vertex  0.000000e+000  7.473812e+000 -1.001959e+001
    endloop
  endfacet
  facet normal  0.000000e+000  5.877855e-001 -8.090167e-001
    outer loop
      vertex  0.000000e+000  7.473812e+000 -1.001959e+001
      vertex -4.500000e+001  7.219659e+000 -1.020424e+001
      vertex -4.500000e+001  7.473812e+000 -1.001959e+001
    endloop
  endfacet
  facet normal  0.000000e+000  6.079299e-001 -7.939907e-001
    outer loop
      vertex  0.000000e+000  7.473812e+000 -1.001959e+001
      vertex -4.500000e+001  7.473812e+000 -1.001959e+001
      vertex  0.000000e+000  7.723245e+000 -9.828606e+000
    endloop
  endfacet
  facet normal  0.000000e+000  6.079299e-001 -7.939907e-001
    outer loop
      vertex  0.000000e+000  7.723245e+000 -9.828606e+000
      vertex -4.500000e+001  7.473812e+000 -1.001959e+001
      vertex -4.500000e+001  7.723245e+000 -9.828606e+000
    endloop
  endfacet
  facet normal  0.000000e+000  6.276925e-001 -7.784615e-001
    outer loop
      vertex  0.000000e+000  7.723245e+000 -9.828606e+000
      vertex -4.500000e+001  7.723245e+000 -9.828606e+000
      vertex  0.000000e+000  7.967800e+000 -9.631415e+000
    endloop
  endfacet
  facet normal  0.000000e+000  6.276925e-001 -7.784615e-001
    outer loop
      vertex  0.000000e+000  7.967800e+000 -9.631415e+000
      vertex -4.500000e+001  7.723245e+000 -9.828606e+000
      vertex -4.500000e+001  7.967800e+000 -9.631415e+000
    endloop
  endfacet
  facet normal  0.000000e+000  6.470545e-001 -7.624438e-001
    outer loop
      vertex  0.000000e+000  7.967800e+000 -9.631415e+000
      vertex -4.500000e+001  7.967800e+000 -9.631415e+000
      vertex  0.000000e+000  8.207322e+000 -9.428143e+000
    endloop
  endfacet
  facet normal  0.000000e+000  6.470545e-001 -7.624438e-001
    outer loop
      vertex  0.000000e+000  8.207322e+000 -9.428143e+000
      vertex -4.500000e+001  7.967800e+000 -9.631415e+000
      vertex -4.500000e+001  8.207322e+000 -9.428143e+000
    endloop
  endfacet
  facet normal  0.000000e+000  6.660128e-001 -7.459403e-001
    outer loop
      vertex  0.000000e+000  8.207322e+000 -9.428143e+000
      vertex -4.500000e+001  8.207322e+000 -9.428143e+000
      vertex  0.000000e+000  8.441660e+000 -9.218914e+000
    endloop
  endfacet
  facet normal  0.000000e+000  6.660128e-001 -7.459403e-001
    outer loop
      vertex  0.000000e+000  8.441660e+000 -9.218914e+000
      vertex -4.500000e+001  8.207322e+000 -9.428143e+000
      vertex -4.500000e+001  8.441660e+000 -9.218914e+000
    endloop
  endfacet
  facet normal  0.000000e+000  6.845471e-001 -7.289687e-001
    outer loop
      vertex  0.000000e+000  8.441660e+000 -9.218914e+000
      vertex -4.500000e+001  8.441660e+000 -9.218914e+000
      vertex  0.000000e+000  8.670667e+000 -9.003862e+000
    endloop
  endfacet
  facet normal  0.000000e+000  6.845471e-001 -7.289687e-001
    outer loop
      vertex  0.000000e+000  8.670667e+000 -9.003862e+000
      vertex -4.500000e+001  8.441660e+000 -9.218914e+000
      vertex -4.500000e+001  8.670667e+000 -9.003862e+000
    endloop
  endfacet
  facet normal  0.000000e+000  7.026501e-001 -7.115357e-001
    outer loop
      vertex  0.000000e+000  8.670667e+000 -9.003862e+000
      vertex -4.500000e+001  8.670667e+000 -9.003862e+000
      vertex  0.000000e+000  8.894196e+000 -8.783125e+000
    endloop
  endfacet
  facet normal  0.000000e+000  7.026501e-001 -7.115357e-001
    outer loop
      vertex  0.000000e+000  8.894196e+000 -8.783125e+000
      vertex -4.500000e+001  8.670667e+000 -9.003862e+000
      vertex -4.500000e+001  8.894196e+000 -8.783125e+000
    endloop
  endfacet
  facet normal  0.000000e+000  7.203080e-001 -6.936545e-001
    outer loop
      vertex  0.000000e+000  8.894196e+000 -8.783125e+000
      vertex -4.500000e+001  8.894196e+000 -8.783125e+000
      vertex  0.000000e+000  9.112108e+000 -8.556839e+000
    endloop
  endfacet
  facet normal  0.000000e+000  7.203080e-001 -6.936545e-001
    outer loop
      vertex  0.000000e+000  9.112108e+000 -8.556839e+000
      vertex -4.500000e+001  8.894196e+000 -8.783125e+000
      vertex -4.500000e+001  9.112108e+000 -8.556839e+000
    endloop
  endfacet
  facet normal  0.000000e+000  7.375134e-001 -6.753327e-001
    outer loop
      vertex  0.000000e+000  9.112108e+000 -8.556839e+000
      vertex -4.500000e+001  9.112108e+000 -8.556839e+000
      vertex  0.000000e+000  9.324265e+000 -8.325149e+000
    endloop
  endfacet
  facet normal  0.000000e+000  7.375134e-001 -6.753327e-001
    outer loop
      vertex  0.000000e+000  9.324265e+000 -8.325149e+000
      vertex -4.500000e+001  9.112108e+000 -8.556839e+000
      vertex -4.500000e+001  9.324265e+000 -8.325149e+000
    endloop
  endfacet
  facet normal  0.000000e+000  7.542526e-001 -6.565843e-001
    outer loop
      vertex  0.000000e+000  9.324265e+000 -8.325149e+000
      vertex -4.500000e+001  9.324265e+000 -8.325149e+000
      vertex  0.000000e+000  9.530531e+000 -8.088200e+000
    endloop
  endfacet
  facet normal  0.000000e+000  7.542526e-001 -6.565843e-001
    outer loop
      vertex  0.000000e+000  9.530531e+000 -8.088200e+000
      vertex -4.500000e+001  9.324265e+000 -8.325149e+000
      vertex -4.500000e+001  9.530531e+000 -8.088200e+000
    endloop
  endfacet
  facet normal  0.000000e+000  7.705131e-001 -6.374243e-001
    outer loop
      vertex  0.000000e+000  9.530531e+000 -8.088200e+000
      vertex -4.500000e+001  9.530531e+000 -8.088200e+000
      vertex  0.000000e+000  9.730779e+000 -7.846142e+000
    endloop
  endfacet
  facet normal  0.000000e+000  7.705131e-001 -6.374243e-001
    outer loop
      vertex  0.000000e+000  9.730779e+000 -7.846142e+000
      vertex -4.500000e+001  9.530531e+000 -8.088200e+000
      vertex -4.500000e+001  9.730779e+000 -7.846142e+000
    endloop
  endfacet
  facet normal  0.000000e+000  7.862880e-001 -6.178601e-001
    outer loop
      vertex  0.000000e+000  9.730779e+000 -7.846142e+000
      vertex -4.500000e+001  9.730779e+000 -7.846142e+000
      vertex  0.000000e+000  9.924880e+000 -7.599129e+000
    endloop
  endfacet
  facet normal  0.000000e+000  7.862880e-001 -6.178601e-001
    outer loop
      vertex  0.000000e+000  9.924880e+000 -7.599129e+000
      vertex -4.500000e+001  9.730779e+000 -7.846142e+000
      vertex -4.500000e+001  9.924880e+000 -7.599129e+000
    endloop
  endfacet
  facet normal  0.000000e+000  8.015663e-001 -5.979060e-001
    outer loop
      vertex  0.000000e+000  9.924880e+000 -7.599129e+000
      vertex -4.500000e+001  9.924880e+000 -7.599129e+000
      vertex  0.000000e+000  1.011271e+001 -7.347316e+000
    endloop
  endfacet
  facet normal  0.000000e+000  8.015663e-001 -5.979060e-001
    outer loop
      vertex  0.000000e+000  1.011271e+001 -7.347316e+000
      vertex -4.500000e+001  9.924880e+000 -7.599129e+000
      vertex -4.500000e+001  1.011271e+001 -7.347316e+000
    endloop
  endfacet
  facet normal  0.000000e+000  8.163408e-001 -5.775706e-001
    outer loop
      vertex  0.000000e+000  1.011271e+001 -7.347316e+000
      vertex -4.500000e+001  1.011271e+001 -7.347316e+000
      vertex  0.000000e+000  1.029416e+001 -7.090862e+000
    endloop
  endfacet
  facet normal  0.000000e+000  8.163408e-001 -5.775706e-001
    outer loop
      vertex  0.000000e+000  1.029416e+001 -7.090862e+000
      vertex -4.500000e+001  1.011271e+001 -7.347316e+000
      vertex -4.500000e+001  1.029416e+001 -7.090862e+000
    endloop
  endfacet
  facet normal  0.000000e+000  8.305945e-001 -5.568777e-001
    outer loop
      vertex  0.000000e+000  1.029416e+001 -7.090862e+000
      vertex -4.500000e+001  1.029416e+001 -7.090862e+000
      vertex  0.000000e+000  1.046910e+001 -6.829929e+000
    endloop
  endfacet
  facet normal  0.000000e+000  8.305945e-001 -5.568777e-001
    outer loop
      vertex  0.000000e+000  1.046910e+001 -6.829929e+000
      vertex -4.500000e+001  1.029416e+001 -7.090862e+000
      vertex -4.500000e+001  1.046910e+001 -6.829929e+000
    endloop
  endfacet
  facet normal  0.000000e+000  8.443283e-001 -5.358261e-001
    outer loop
      vertex  0.000000e+000  1.046910e+001 -6.829929e+000
      vertex -4.500000e+001  1.046910e+001 -6.829929e+000
      vertex  0.000000e+000  1.063743e+001 -6.564683e+000
    endloop
  endfacet
  facet normal  0.000000e+000  8.443283e-001 -5.358261e-001
    outer loop
      vertex  0.000000e+000  1.063743e+001 -6.564683e+000
      vertex -4.500000e+001  1.046910e+001 -6.829929e+000
      vertex -4.500000e+001  1.063743e+001 -6.564683e+000
    endloop
  endfacet
  facet normal  0.000000e+000  8.575269e-001 -5.144390e-001
    outer loop
      vertex  0.000000e+000  1.063743e+001 -6.564683e+000
      vertex -4.500000e+001  1.063743e+001 -6.564683e+000
      vertex  0.000000e+000  1.079904e+001 -6.295290e+000
    endloop
  endfacet
  facet normal  0.000000e+000  8.575269e-001 -5.144390e-001
    outer loop
      vertex  0.000000e+000  1.079904e+001 -6.295290e+000
      vertex -4.500000e+001  1.063743e+001 -6.564683e+000
      vertex -4.500000e+001  1.079904e+001 -6.295290e+000
    endloop
  endfacet
  facet normal  0.000000e+000  8.701835e-001 -4.927279e-001
    outer loop
      vertex  0.000000e+000  1.079904e+001 -6.295290e+000
      vertex -4.500000e+001  1.079904e+001 -6.295290e+000
      vertex  0.000000e+000  1.095383e+001 -6.021921e+000
    endloop
  endfacet
  facet normal  0.000000e+000  8.701835e-001 -4.927279e-001
    outer loop
      vertex  0.000000e+000  1.095383e+001 -6.021921e+000
      vertex -4.500000e+001  1.079904e+001 -6.295290e+000
      vertex -4.500000e+001  1.095383e+001 -6.021921e+000
    endloop
  endfacet
  facet normal  0.000000e+000  8.822917e-001 -4.707031e-001
    outer loop
      vertex  0.000000e+000  1.095383e+001 -6.021921e+000
      vertex -4.500000e+001  1.095383e+001 -6.021921e+000
      vertex  0.000000e+000  1.110171e+001 -5.744748e+000
    endloop
  endfacet
  facet normal  0.000000e+000  8.822917e-001 -4.707031e-001
    outer loop
      vertex  0.000000e+000  1.110171e+001 -5.744748e+000
      vertex -4.500000e+001  1.095383e+001 -6.021921e+000
      vertex -4.500000e+001  1.110171e+001 -5.744748e+000
    endloop
  endfacet
  facet normal  0.000000e+000  8.938405e-001 -4.483850e-001
    outer loop
      vertex  0.000000e+000  1.110171e+001 -5.744748e+000
      vertex -4.500000e+001  1.110171e+001 -5.744748e+000
      vertex  0.000000e+000  1.124257e+001 -5.463947e+000
    endloop
  endfacet
  facet normal  0.000000e+000  8.938405e-001 -4.483850e-001
    outer loop
      vertex  0.000000e+000  1.124257e+001 -5.463947e+000
      vertex -4.500000e+001  1.110171e+001 -5.744748e+000
      vertex -4.500000e+001  1.124257e+001 -5.463947e+000
    endloop
  endfacet
  facet normal  0.000000e+000  9.048278e-001 -4.257777e-001
    outer loop
      vertex  0.000000e+000  1.124257e+001 -5.463947e+000
      vertex -4.500000e+001  1.124257e+001 -5.463947e+000
      vertex  0.000000e+000  1.137632e+001 -5.179695e+000
    endloop
  endfacet
  facet normal  0.000000e+000  9.048278e-001 -4.257777e-001
    outer loop
      vertex  0.000000e+000  1.137632e+001 -5.179695e+000
      vertex -4.500000e+001  1.124257e+001 -5.463947e+000
      vertex -4.500000e+001  1.137632e+001 -5.179695e+000
    endloop
  endfacet
  facet normal  0.000000e+000  9.152409e-001 -4.029069e-001
    outer loop
      vertex  0.000000e+000  1.137632e+001 -5.179695e+000
      vertex -4.500000e+001  1.137632e+001 -5.179695e+000
      vertex  0.000000e+000  1.150290e+001 -4.892171e+000
    endloop
  endfacet
  facet normal  0.000000e+000  9.152409e-001 -4.029069e-001
    outer loop
      vertex  0.000000e+000  1.150290e+001 -4.892171e+000
      vertex -4.500000e+001  1.137632e+001 -5.179695e+000
      vertex -4.500000e+001  1.150290e+001 -4.892171e+000
    endloop
  endfacet
  facet normal  0.000000e+000  9.250779e-001 -3.797776e-001
    outer loop
      vertex  0.000000e+000  1.150290e+001 -4.892171e+000
      vertex -4.500000e+001  1.150290e+001 -4.892171e+000
      vertex  0.000000e+000  1.162221e+001 -4.601557e+000
    endloop
  endfacet
  facet normal  0.000000e+000  9.250779e-001 -3.797776e-001
    outer loop
      vertex  0.000000e+000  1.162221e+001 -4.601557e+000
      vertex -4.500000e+001  1.150290e+001 -4.892171e+000
      vertex -4.500000e+001  1.162221e+001 -4.601557e+000
    endloop
  endfacet
  facet normal  0.000000e+000  9.343291e-001 -3.564116e-001
    outer loop
      vertex  0.000000e+000  1.162221e+001 -4.601557e+000
      vertex -4.500000e+001  1.162221e+001 -4.601557e+000
      vertex  0.000000e+000  1.173417e+001 -4.308036e+000
    endloop
  endfacet
  facet normal  0.000000e+000  9.343291e-001 -3.564116e-001
    outer loop
      vertex  0.000000e+000  1.173417e+001 -4.308036e+000
      vertex -4.500000e+001  1.162221e+001 -4.601557e+000
      vertex -4.500000e+001  1.173417e+001 -4.308036e+000
    endloop
  endfacet
  facet normal  0.000000e+000  9.429901e-001 -3.328211e-001
    outer loop
      vertex  0.000000e+000  1.173417e+001 -4.308036e+000
      vertex -4.500000e+001  1.173417e+001 -4.308036e+000
      vertex  0.000000e+000  1.183873e+001 -4.011795e+000
    endloop
  endfacet
  facet normal  0.000000e+000  9.429901e-001 -3.328211e-001
    outer loop
      vertex  0.000000e+000  1.183873e+001 -4.011795e+000
      vertex -4.500000e+001  1.173417e+001 -4.308036e+000
      vertex -4.500000e+001  1.183873e+001 -4.011795e+000
    endloop
  endfacet
  facet normal  0.000000e+000  9.510562e-001 -3.090181e-001
    outer loop
      vertex  0.000000e+000  1.183873e+001 -4.011795e+000
      vertex -4.500000e+001  1.183873e+001 -4.011795e+000
      vertex  0.000000e+000  1.193581e+001 -3.713020e+000
    endloop
  endfacet
  facet normal  0.000000e+000  9.510562e-001 -3.090181e-001
    outer loop
      vertex  0.000000e+000  1.193581e+001 -3.713020e+000
      vertex -4.500000e+001  1.183873e+001 -4.011795e+000
      vertex -4.500000e+001  1.193581e+001 -3.713020e+000
    endloop
  endfacet
  facet normal  0.000000e+000  9.585223e-001 -2.850176e-001
    outer loop
      vertex  0.000000e+000  1.193581e+001 -3.713020e+000
      vertex -4.500000e+001  1.193581e+001 -3.713020e+000
      vertex  0.000000e+000  1.202535e+001 -3.411899e+000
    endloop
  endfacet
  facet normal  0.000000e+000  9.585223e-001 -2.850176e-001
    outer loop
      vertex  0.000000e+000  1.202535e+001 -3.411899e+000
      vertex -4.500000e+001  1.193581e+001 -3.713020e+000
      vertex -4.500000e+001  1.202535e+001 -3.411899e+000
    endloop
  endfacet
  facet normal  0.000000e+000  9.653817e-001 -2.608412e-001
    outer loop
      vertex  0.000000e+000  1.202535e+001 -3.411899e+000
      vertex -4.500000e+001  1.202535e+001 -3.411899e+000
      vertex  0.000000e+000  1.210729e+001 -3.108624e+000
    endloop
  endfacet
  facet normal  0.000000e+000  9.653817e-001 -2.608412e-001
    outer loop
      vertex  0.000000e+000  1.210729e+001 -3.108624e+000
      vertex -4.500000e+001  1.202535e+001 -3.411899e+000
      vertex -4.500000e+001  1.210729e+001 -3.108624e+000
    endloop
  endfacet
  facet normal  0.000000e+000  9.716313e-001 -2.365008e-001
    outer loop
      vertex  0.000000e+000  1.210729e+001 -3.108624e+000
      vertex -4.500000e+001  1.210729e+001 -3.108624e+000
      vertex  0.000000e+000  1.218159e+001 -2.803385e+000
    endloop
  endfacet
  facet normal  0.000000e+000  9.716313e-001 -2.365008e-001
    outer loop
      vertex  0.000000e+000  1.218159e+001 -2.803385e+000
      vertex -4.500000e+001  1.210729e+001 -3.108624e+000
      vertex -4.500000e+001  1.218159e+001 -2.803385e+000
    endloop
  endfacet
  facet normal  0.000000e+000  9.772685e-001 -2.120057e-001
    outer loop
      vertex  0.000000e+000  1.218159e+001 -2.803385e+000
      vertex -4.500000e+001  1.218159e+001 -2.803385e+000
      vertex  0.000000e+000  1.224819e+001 -2.496375e+000
    endloop
  endfacet
  facet normal  0.000000e+000  9.772685e-001 -2.120057e-001
    outer loop
      vertex  0.000000e+000  1.224819e+001 -2.496375e+000
      vertex -4.500000e+001  1.218159e+001 -2.803385e+000
      vertex -4.500000e+001  1.224819e+001 -2.496375e+000
    endloop
  endfacet
  facet normal  0.000000e+000  9.822869e-001 -1.873827e-001
    outer loop
      vertex  0.000000e+000  1.224819e+001 -2.496375e+000
      vertex -4.500000e+001  1.224819e+001 -2.496375e+000
      vertex  0.000000e+000  1.230705e+001 -2.187788e+000
    endloop
  endfacet
  facet normal  0.000000e+000  9.822869e-001 -1.873827e-001
    outer loop
      vertex  0.000000e+000  1.230705e+001 -2.187788e+000
      vertex -4.500000e+001  1.224819e+001 -2.496375e+000
      vertex -4.500000e+001  1.230705e+001 -2.187788e+000
    endloop
  endfacet
  facet normal  0.000000e+000  9.866862e-001 -1.626357e-001
    outer loop
      vertex  0.000000e+000  1.230705e+001 -2.187788e+000
      vertex -4.500000e+001  1.230705e+001 -2.187788e+000
      vertex  0.000000e+000  1.235815e+001 -1.877820e+000
    endloop
  endfacet
  facet normal  0.000000e+000  9.866862e-001 -1.626357e-001
    outer loop
      vertex  0.000000e+000  1.235815e+001 -1.877820e+000
      vertex -4.500000e+001  1.230705e+001 -2.187788e+000
      vertex -4.500000e+001  1.235815e+001 -1.877820e+000
    endloop
  endfacet
  facet normal  0.000000e+000  9.904613e-001 -1.377913e-001
    outer loop
      vertex  0.000000e+000  1.235815e+001 -1.877820e+000
      vertex -4.500000e+001  1.235815e+001 -1.877820e+000
      vertex  0.000000e+000  1.240143e+001 -1.566665e+000
    endloop
  endfacet
  facet normal  0.000000e+000  9.904613e-001 -1.377913e-001
    outer loop
      vertex  0.000000e+000  1.240143e+001 -1.566665e+000
      vertex -4.500000e+001  1.235815e+001 -1.877820e+000
      vertex -4.500000e+001  1.240143e+001 -1.566665e+000
    endloop
  endfacet
  facet normal  0.000000e+000  9.936113e-001 -1.128559e-001
    outer loop
      vertex  0.000000e+000  1.240143e+001 -1.566665e+000
      vertex -4.500000e+001  1.240143e+001 -1.566665e+000
      vertex  0.000000e+000  1.243689e+001 -1.254521e+000
    endloop
  endfacet
  facet normal  0.000000e+000  9.936113e-001 -1.128559e-001
    outer loop
      vertex  0.000000e+000  1.243689e+001 -1.254521e+000
      vertex -4.500000e+001  1.240143e+001 -1.566665e+000
      vertex -4.500000e+001  1.243689e+001 -1.254521e+000
    endloop
  endfacet
  facet normal  0.000000e+000  9.961337e-001 -8.785067e-002
    outer loop
      vertex  0.000000e+000  1.243689e+001 -1.254521e+000
      vertex -4.500000e+001  1.243689e+001 -1.254521e+000
      vertex  0.000000e+000  1.246449e+001 -9.415851e-001
    endloop
  endfacet
  facet normal  0.000000e+000  9.961337e-001 -8.785067e-002
    outer loop
      vertex  0.000000e+000  1.246449e+001 -9.415851e-001
      vertex -4.500000e+001  1.243689e+001 -1.254521e+000
      vertex -4.500000e+001  1.246449e+001 -9.415851e-001
    endloop
  endfacet
  facet normal  0.000000e+000  9.980267e-001 -6.279083e-002
    outer loop
      vertex  0.000000e+000  1.246449e+001 -9.415851e-001
      vertex -4.500000e+001  1.246449e+001 -9.415851e-001
      vertex  0.000000e+000  1.248421e+001 -6.280540e-001
    endloop
  endfacet
  facet normal  0.000000e+000  9.980267e-001 -6.279083e-002
    outer loop
      vertex  0.000000e+000  1.248421e+001 -6.280540e-001
      vertex -4.500000e+001  1.246449e+001 -9.415851e-001
      vertex -4.500000e+001  1.248421e+001 -6.280540e-001
    endloop
  endfacet
  facet normal  0.000000e+000  9.992895e-001 -3.769149e-002
    outer loop
      vertex  0.000000e+000  1.248421e+001 -6.280540e-001
      vertex -4.500000e+001  1.248421e+001 -6.280540e-001
      vertex  0.000000e+000  1.249605e+001 -3.141262e-001
    endloop
  endfacet
  facet normal  0.000000e+000  9.992895e-001 -3.769149e-002
    outer loop
      vertex  0.000000e+000  1.249605e+001 -3.141262e-001
      vertex -4.500000e+001  1.248421e+001 -6.280540e-001
      vertex -4.500000e+001  1.249605e+001 -3.141262e-001
    endloop
  endfacet
  facet normal  0.000000e+000  9.999211e-001 -1.256484e-002
    outer loop
      vertex  0.000000e+000  1.249605e+001 -3.141262e-001
      vertex -4.500000e+001  1.249605e+001 -3.141262e-001
      vertex  0.000000e+000  1.250000e+001  1.530758e-015
    endloop
  endfacet
  facet normal  0.000000e+000  9.999211e-001 -1.256484e-002
    outer loop
      vertex  0.000000e+000  1.250000e+001  1.530758e-015
      vertex -4.500000e+001  1.249605e+001 -3.141262e-001
      vertex -4.500000e+001  1.250000e+001  1.530758e-015
    endloop
  endfacet
  facet normal  -0.000000e+000  9.999211e-001  1.256484e-002
    outer loop
      vertex  0.000000e+000  1.250000e+001  1.530758e-015
      vertex -4.500000e+001  1.250000e+001  1.530758e-015
      vertex  0.000000e+000  1.249605e+001  3.141262e-001
    endloop
  endfacet
  facet normal  0.000000e+000  9.999211e-001  1.256484e-002
    outer loop
      vertex  0.000000e+000  1.249605e+001  3.141262e-001
      vertex -4.500000e+001  1.250000e+001  1.530758e-015
      vertex -4.500000e+001  1.249605e+001  3.141262e-001
    endloop
  endfacet
  facet normal  -0.000000e+000  9.992895e-001  3.769149e-002
    outer loop
      vertex  0.000000e+000  1.249605e+001  3.141262e-001
      vertex -4.500000e+001  1.249605e+001  3.141262e-001
      vertex  0.000000e+000  1.248421e+001  6.280540e-001
    endloop
  endfacet
  facet normal  0.000000e+000  9.992895e-001  3.769149e-002
    outer loop
      vertex  0.000000e+000  1.248421e+001  6.280540e-001
      vertex -4.500000e+001  1.249605e+001  3.141262e-001
      vertex -4.500000e+001  1.248421e+001  6.280540e-001
    endloop
  endfacet
  facet normal  -0.000000e+000  9.980267e-001  6.279083e-002
    outer loop
      vertex  0.000000e+000  1.248421e+001  6.280540e-001
      vertex -4.500000e+001  1.248421e+001  6.280540e-001
      vertex  0.000000e+000  1.246449e+001  9.415851e-001
    endloop
  endfacet
  facet normal  0.000000e+000  9.980267e-001  6.279083e-002
    outer loop
      vertex  0.000000e+000  1.246449e+001  9.415851e-001
      vertex -4.500000e+001  1.248421e+001  6.280540e-001
      vertex -4.500000e+001  1.246449e+001  9.415851e-001
    endloop
  endfacet
  facet normal  -0.000000e+000  9.961337e-001  8.785067e-002
    outer loop
      vertex  0.000000e+000  1.246449e+001  9.415851e-001
      vertex -4.500000e+001  1.246449e+001  9.415851e-001
      vertex  0.000000e+000  1.243689e+001  1.254521e+000
    endloop
  endfacet
  facet normal  0.000000e+000  9.961337e-001  8.785067e-002
    outer loop
      vertex  0.000000e+000  1.243689e+001  1.254521e+000
      vertex -4.500000e+001  1.246449e+001  9.415851e-001
      vertex -4.500000e+001  1.243689e+001  1.254521e+000
    endloop
  endfacet
  facet normal  -0.000000e+000  9.936113e-001  1.128559e-001
    outer loop
      vertex  0.000000e+000  1.243689e+001  1.254521e+000
      vertex -4.500000e+001  1.243689e+001  1.254521e+000
      vertex  0.000000e+000  1.240143e+001  1.566665e+000
    endloop
  endfacet
  facet normal  0.000000e+000  9.936113e-001  1.128559e-001
    outer loop
      vertex  0.000000e+000  1.240143e+001  1.566665e+000
      vertex -4.500000e+001  1.243689e+001  1.254521e+000
      vertex -4.500000e+001  1.240143e+001  1.566665e+000
    endloop
  endfacet
  facet normal  -0.000000e+000  9.904613e-001  1.377913e-001
    outer loop
      vertex  0.000000e+000  1.240143e+001  1.566665e+000
      vertex -4.500000e+001  1.240143e+001  1.566665e+000
      vertex  0.000000e+000  1.235815e+001  1.877820e+000
    endloop
  endfacet
  facet normal  0.000000e+000  9.904613e-001  1.377913e-001
    outer loop
      vertex  0.000000e+000  1.235815e+001  1.877820e+000
      vertex -4.500000e+001  1.240143e+001  1.566665e+000
      vertex -4.500000e+001  1.235815e+001  1.877820e+000
    endloop
  endfacet
  facet normal  -0.000000e+000  9.866862e-001  1.626357e-001
    outer loop
      vertex  0.000000e+000  1.235815e+001  1.877820e+000
      vertex -4.500000e+001  1.235815e+001  1.877820e+000
      vertex  0.000000e+000  1.230705e+001  2.187788e+000
    endloop
  endfacet
  facet normal  0.000000e+000  9.866862e-001  1.626357e-001
    outer loop
      vertex  0.000000e+000  1.230705e+001  2.187788e+000
      vertex -4.500000e+001  1.235815e+001  1.877820e+000
      vertex -4.500000e+001  1.230705e+001  2.187788e+000
    endloop
  endfacet
  facet normal  -0.000000e+000  9.822869e-001  1.873827e-001
    outer loop
      vertex  0.000000e+000  1.230705e+001  2.187788e+000
      vertex -4.500000e+001  1.230705e+001  2.187788e+000
      vertex  0.000000e+000  1.224819e+001  2.496375e+000
    endloop
  endfacet
  facet normal  0.000000e+000  9.822869e-001  1.873827e-001
    outer loop
      vertex  0.000000e+000  1.224819e+001  2.496375e+000
      vertex -4.500000e+001  1.230705e+001  2.187788e+000
      vertex -4.500000e+001  1.224819e+001  2.496375e+000
    endloop
  endfacet
  facet normal  -0.000000e+000  9.772685e-001  2.120057e-001
    outer loop
      vertex  0.000000e+000  1.224819e+001  2.496375e+000
      vertex -4.500000e+001  1.224819e+001  2.496375e+000
      vertex  0.000000e+000  1.218159e+001  2.803385e+000
    endloop
  endfacet
  facet normal  0.000000e+000  9.772685e-001  2.120057e-001
    outer loop
      vertex  0.000000e+000  1.218159e+001  2.803385e+000
      vertex -4.500000e+001  1.224819e+001  2.496375e+000
      vertex -4.500000e+001  1.218159e+001  2.803385e+000
    endloop
  endfacet
  facet normal  -0.000000e+000  9.716313e-001  2.365008e-001
    outer loop
      vertex  0.000000e+000  1.218159e+001  2.803385e+000
      vertex -4.500000e+001  1.218159e+001  2.803385e+000
      vertex  0.000000e+000  1.210729e+001  3.108624e+000
    endloop
  endfacet
  facet normal  0.000000e+000  9.716313e-001  2.365008e-001
    outer loop
      vertex  0.000000e+000  1.210729e+001  3.108624e+000
      vertex -4.500000e+001  1.218159e+001  2.803385e+000
      vertex -4.500000e+001  1.210729e+001  3.108624e+000
    endloop
  endfacet
  facet normal  -0.000000e+000  9.653817e-001  2.608412e-001
    outer loop
      vertex  0.000000e+000  1.210729e+001  3.108624e+000
      vertex -4.500000e+001  1.210729e+001  3.108624e+000
      vertex  0.000000e+000  1.202535e+001  3.411899e+000
    endloop
  endfacet
  facet normal  0.000000e+000  9.653817e-001  2.608412e-001
    outer loop
      vertex  0.000000e+000  1.202535e+001  3.411899e+000
      vertex -4.500000e+001  1.210729e+001  3.108624e+000
      vertex -4.500000e+001  1.202535e+001  3.411899e+000
    endloop
  endfacet
  facet normal  -0.000000e+000  9.585223e-001  2.850176e-001
    outer loop
      vertex  0.000000e+000  1.202535e+001  3.411899e+000
      vertex -4.500000e+001  1.202535e+001  3.411899e+000
      vertex  0.000000e+000  1.193581e+001  3.713020e+000
    endloop
  endfacet
  facet normal  0.000000e+000  9.585223e-001  2.850176e-001
    outer loop
      vertex  0.000000e+000  1.193581e+001  3.713020e+000
      vertex -4.500000e+001  1.202535e+001  3.411899e+000
      vertex -4.500000e+001  1.193581e+001  3.713020e+000
    endloop
  endfacet
  facet normal  -0.000000e+000  9.510562e-001  3.090181e-001
    outer loop
      vertex  0.000000e+000  1.193581e+001  3.713020e+000
      vertex -4.500000e+001  1.193581e+001  3.713020e+000
      vertex  0.000000e+000  1.183873e+001  4.011795e+000
    endloop
  endfacet
  facet normal  0.000000e+000  9.510562e-001  3.090181e-001
    outer loop
      vertex  0.000000e+000  1.183873e+001  4.011795e+000
      vertex -4.500000e+001  1.193581e+001  3.713020e+000
      vertex -4.500000e+001  1.183873e+001  4.011795e+000
    endloop
  endfacet
  facet normal  -0.000000e+000  9.429901e-001  3.328211e-001
    outer loop
      vertex  0.000000e+000  1.183873e+001  4.011795e+000
      vertex -4.500000e+001  1.183873e+001  4.011795e+000
      vertex  0.000000e+000  1.173417e+001  4.308036e+000
    endloop
  endfacet
  facet normal  0.000000e+000  9.429901e-001  3.328211e-001
    outer loop
      vertex  0.000000e+000  1.173417e+001  4.308036e+000
      vertex -4.500000e+001  1.183873e+001  4.011795e+000
      vertex -4.500000e+001  1.173417e+001  4.308036e+000
    endloop
  endfacet
  facet normal  -0.000000e+000  9.343291e-001  3.564116e-001
    outer loop
      vertex  0.000000e+000  1.173417e+001  4.308036e+000
      vertex -4.500000e+001  1.173417e+001  4.308036e+000
      vertex  0.000000e+000  1.162221e+001  4.601557e+000
    endloop
  endfacet
  facet normal  0.000000e+000  9.343291e-001  3.564116e-001
    outer loop
      vertex  0.000000e+000  1.162221e+001  4.601557e+000
      vertex -4.500000e+001  1.173417e+001  4.308036e+000
      vertex -4.500000e+001  1.162221e+001  4.601557e+000
    endloop
  endfacet
  facet normal  -0.000000e+000  9.250779e-001  3.797776e-001
    outer loop
      vertex  0.000000e+000  1.162221e+001  4.601557e+000
      vertex -4.500000e+001  1.162221e+001  4.601557e+000
      vertex  0.000000e+000  1.150290e+001  4.892171e+000
    endloop
  endfacet
  facet normal  0.000000e+000  9.250779e-001  3.797776e-001
    outer loop
      vertex  0.000000e+000  1.150290e+001  4.892171e+000
      vertex -4.500000e+001  1.162221e+001  4.601557e+000
      vertex -4.500000e+001  1.150290e+001  4.892171e+000
    endloop
  endfacet
  facet normal  -0.000000e+000  9.152409e-001  4.029069e-001
    outer loop
      vertex  0.000000e+000  1.150290e+001  4.892171e+000
      vertex -4.500000e+001  1.150290e+001  4.892171e+000
      vertex  0.000000e+000  1.137632e+001  5.179695e+000
    endloop
  endfacet
  facet normal  0.000000e+000  9.152409e-001  4.029069e-001
    outer loop
      vertex  0.000000e+000  1.137632e+001  5.179695e+000
      vertex -4.500000e+001  1.150290e+001  4.892171e+000
      vertex -4.500000e+001  1.137632e+001  5.179695e+000
    endloop
  endfacet
  facet normal  -0.000000e+000  9.048278e-001  4.257777e-001
    outer loop
      vertex  0.000000e+000  1.137632e+001  5.179695e+000
      vertex -4.500000e+001  1.137632e+001  5.179695e+000
      vertex  0.000000e+000  1.124257e+001  5.463947e+000
    endloop
  endfacet
  facet normal  0.000000e+000  9.048278e-001  4.257777e-001
    outer loop
      vertex  0.000000e+000  1.124257e+001  5.463947e+000
      vertex -4.500000e+001  1.137632e+001  5.179695e+000
      vertex -4.500000e+001  1.124257e+001  5.463947e+000
    endloop
  endfacet
  facet normal  -0.000000e+000  8.938405e-001  4.483850e-001
    outer loop
      vertex  0.000000e+000  1.124257e+001  5.463947e+000
      vertex -4.500000e+001  1.124257e+001  5.463947e+000
      vertex  0.000000e+000  1.110171e+001  5.744748e+000
    endloop
  endfacet
  facet normal  0.000000e+000  8.938405e-001  4.483850e-001
    outer loop
      vertex  0.000000e+000  1.110171e+001  5.744748e+000
      vertex -4.500000e+001  1.124257e+001  5.463947e+000
      vertex -4.500000e+001  1.110171e+001  5.744748e+000
    endloop
  endfacet
  facet normal  -0.000000e+000  8.822917e-001  4.707031e-001
    outer loop
      vertex  0.000000e+000  1.110171e+001  5.744748e+000
      vertex -4.500000e+001  1.110171e+001  5.744748e+000
      vertex  0.000000e+000  1.095383e+001  6.021921e+000
    endloop
  endfacet
  facet normal  0.000000e+000  8.822917e-001  4.707031e-001
    outer loop
      vertex  0.000000e+000  1.095383e+001  6.021921e+000
      vertex -4.500000e+001  1.110171e+001  5.744748e+000
      vertex -4.500000e+001  1.095383e+001  6.021921e+000
    endloop
  endfacet
  facet normal  -0.000000e+000  8.701835e-001  4.927279e-001
    outer loop
      vertex  0.000000e+000  1.095383e+001  6.021921e+000
      vertex -4.500000e+001  1.095383e+001  6.021921e+000
      vertex  0.000000e+000  1.079904e+001  6.295290e+000
    endloop
  endfacet
  facet normal  0.000000e+000  8.701835e-001  4.927279e-001
    outer loop
      vertex  0.000000e+000  1.079904e+001  6.295290e+000
      vertex -4.500000e+001  1.095383e+001  6.021921e+000
      vertex -4.500000e+001  1.079904e+001  6.295290e+000
    endloop
  endfacet
  facet normal  -0.000000e+000  8.575269e-001  5.144390e-001
    outer loop
      vertex  0.000000e+000  1.079904e+001  6.295290e+000
      vertex -4.500000e+001  1.079904e+001  6.295290e+000
      vertex  0.000000e+000  1.063743e+001  6.564683e+000
    endloop
  endfacet
  facet normal  0.000000e+000  8.575269e-001  5.144390e-001
    outer loop
      vertex  0.000000e+000  1.063743e+001  6.564683e+000
      vertex -4.500000e+001  1.079904e+001  6.295290e+000
      vertex -4.500000e+001  1.063743e+001  6.564683e+000
    endloop
  endfacet
  facet normal  -0.000000e+000  8.443283e-001  5.358261e-001
    outer loop
      vertex  0.000000e+000  1.063743e+001  6.564683e+000
      vertex -4.500000e+001  1.063743e+001  6.564683e+000
      vertex  0.000000e+000  1.046910e+001  6.829929e+000
    endloop
  endfacet
  facet normal  0.000000e+000  8.443283e-001  5.358261e-001
    outer loop
      vertex  0.000000e+000  1.046910e+001  6.829929e+000
      vertex -4.500000e+001  1.063743e+001  6.564683e+000
      vertex -4.500000e+001  1.046910e+001  6.829929e+000
    endloop
  endfacet
  facet normal  -0.000000e+000  8.305945e-001  5.568777e-001
    outer loop
      vertex  0.000000e+000  1.046910e+001  6.829929e+000
      vertex -4.500000e+001  1.046910e+001  6.829929e+000
      vertex  0.000000e+000  1.029416e+001  7.090862e+000
    endloop
  endfacet
  facet normal  0.000000e+000  8.305945e-001  5.568777e-001
    outer loop
      vertex  0.000000e+000  1.029416e+001  7.090862e+000
      vertex -4.500000e+001  1.046910e+001  6.829929e+000
      vertex -4.500000e+001  1.029416e+001  7.090862e+000
    endloop
  endfacet
  facet normal  -0.000000e+000  8.163408e-001  5.775706e-001
    outer loop
      vertex  0.000000e+000  1.029416e+001  7.090862e+000
      vertex -4.500000e+001  1.029416e+001  7.090862e+000
      vertex  0.000000e+000  1.011271e+001  7.347316e+000
    endloop
  endfacet
  facet normal  0.000000e+000  8.163408e-001  5.775706e-001
    outer loop
      vertex  0.000000e+000  1.011271e+001  7.347316e+000
      vertex -4.500000e+001  1.029416e+001  7.090862e+000
      vertex -4.500000e+001  1.011271e+001  7.347316e+000
    endloop
  endfacet
  facet normal  -0.000000e+000  8.015663e-001  5.979060e-001
    outer loop
      vertex  0.000000e+000  1.011271e+001  7.347316e+000
      vertex -4.500000e+001  1.011271e+001  7.347316e+000
      vertex  0.000000e+000  9.924880e+000  7.599129e+000
    endloop
  endfacet
  facet normal  0.000000e+000  8.015663e-001  5.979060e-001
    outer loop
      vertex  0.000000e+000  9.924880e+000  7.599129e+000
      vertex -4.500000e+001  1.011271e+001  7.347316e+000
      vertex -4.500000e+001  9.924880e+000  7.599129e+000
    endloop
  endfacet
  facet normal  -0.000000e+000  7.862880e-001  6.178601e-001
    outer loop
      vertex  0.000000e+000  9.924880e+000  7.599129e+000
      vertex -4.500000e+001  9.924880e+000  7.599129e+000
      vertex  0.000000e+000  9.730779e+000  7.846142e+000
    endloop
  endfacet
  facet normal  0.000000e+000  7.862880e-001  6.178601e-001
    outer loop
      vertex  0.000000e+000  9.730779e+000  7.846142e+000
      vertex -4.500000e+001  9.924880e+000  7.599129e+000
      vertex -4.500000e+001  9.730779e+000  7.846142e+000
    endloop
  endfacet
  facet normal  -0.000000e+000  7.705131e-001  6.374243e-001
    outer loop
      vertex  0.000000e+000  9.730779e+000  7.846142e+000
      vertex -4.500000e+001  9.730779e+000  7.846142e+000
      vertex  0.000000e+000  9.530531e+000  8.088200e+000
    endloop
  endfacet
  facet normal  0.000000e+000  7.705131e-001  6.374243e-001
    outer loop
      vertex  0.000000e+000  9.530531e+000  8.088200e+000
      vertex -4.500000e+001  9.730779e+000  7.846142e+000
      vertex -4.500000e+001  9.530531e+000  8.088200e+000
    endloop
  endfacet
  facet normal  -0.000000e+000  7.542526e-001  6.565843e-001
    outer loop
      vertex  0.000000e+000  9.530531e+000  8.088200e+000
      vertex -4.500000e+001  9.530531e+000  8.088200e+000
      vertex  0.000000e+000  9.324265e+000  8.325149e+000
    endloop
  endfacet
  facet normal  0.000000e+000  7.542526e-001  6.565843e-001
    outer loop
      vertex  0.000000e+000  9.324265e+000  8.325149e+000
      vertex -4.500000e+001  9.530531e+000  8.088200e+000
      vertex -4.500000e+001  9.324265e+000  8.325149e+000
    endloop
  endfacet
  facet normal  -0.000000e+000  7.375134e-001  6.753327e-001
    outer loop
      vertex  0.000000e+000  9.324265e+000  8.325149e+000
      vertex -4.500000e+001  9.324265e+000  8.325149e+000
      vertex  0.000000e+000  9.112108e+000  8.556839e+000
    endloop
  endfacet
  facet normal  0.000000e+000  7.375134e-001  6.753327e-001
    outer loop
      vertex  0.000000e+000  9.112108e+000  8.556839e+000
      vertex -4.500000e+001  9.324265e+000  8.325149e+000
      vertex -4.500000e+001  9.112108e+000  8.556839e+000
    endloop
  endfacet
  facet normal  -0.000000e+000  7.203080e-001  6.936545e-001
    outer loop
      vertex  0.000000e+000  9.112108e+000  8.556839e+000
      vertex -4.500000e+001  9.112108e+000  8.556839e+000
      vertex  0.000000e+000  8.894196e+000  8.783125e+000
    endloop
  endfacet
  facet normal  0.000000e+000  7.203080e-001  6.936545e-001
    outer loop
      vertex  0.000000e+000  8.894196e+000  8.783125e+000
      vertex -4.500000e+001  9.112108e+000  8.556839e+000
      vertex -4.500000e+001  8.894196e+000  8.783125e+000
    endloop
  endfacet
  facet normal  -0.000000e+000  7.026501e-001  7.115357e-001
    outer loop
      vertex  0.000000e+000  8.894196e+000  8.783125e+000
      vertex -4.500000e+001  8.894196e+000  8.783125e+000
      vertex  0.000000e+000  8.670667e+000  9.003862e+000
    endloop
  endfacet
  facet normal  0.000000e+000  7.026501e-001  7.115357e-001
    outer loop
      vertex  0.000000e+000  8.670667e+000  9.003862e+000
      vertex -4.500000e+001  8.894196e+000  8.783125e+000
      vertex -4.500000e+001  8.670667e+000  9.003862e+000
    endloop
  endfacet
  facet normal  -0.000000e+000  6.845471e-001  7.289687e-001
    outer loop
      vertex  0.000000e+000  8.670667e+000  9.003862e+000
      vertex -4.500000e+001  8.670667e+000  9.003862e+000
      vertex  0.000000e+000  8.441660e+000  9.218914e+000
    endloop
  endfacet
  facet normal  0.000000e+000  6.845471e-001  7.289687e-001
    outer loop
      vertex  0.000000e+000  8.441660e+000  9.218914e+000
      vertex -4.500000e+001  8.670667e+000  9.003862e+000
      vertex -4.500000e+001  8.441660e+000  9.218914e+000
    endloop
  endfacet
  facet normal  -0.000000e+000  6.660128e-001  7.459403e-001
    outer loop
      vertex  0.000000e+000  8.441660e+000  9.218914e+000
      vertex -4.500000e+001  8.441660e+000  9.218914e+000
      vertex  0.000000e+000  8.207322e+000  9.428143e+000
    endloop
  endfacet
  facet normal  0.000000e+000  6.660128e-001  7.459403e-001
    outer loop
      vertex  0.000000e+000  8.207322e+000  9.428143e+000
      vertex -4.500000e+001  8.441660e+000  9.218914e+000
      vertex -4.500000e+001  8.207322e+000  9.428143e+000
    endloop
  endfacet
  facet normal  -0.000000e+000  6.470545e-001  7.624438e-001
    outer loop
      vertex  0.000000e+000  8.207322e+000  9.428143e+000
      vertex -4.500000e+001  8.207322e+000  9.428143e+000
      vertex  0.000000e+000  7.967800e+000  9.631415e+000
    endloop
  endfacet
  facet normal  0.000000e+000  6.470545e-001  7.624438e-001
    outer loop
      vertex  0.000000e+000  7.967800e+000  9.631415e+000
      vertex -4.500000e+001  8.207322e+000  9.428143e+000
      vertex -4.500000e+001  7.967800e+000  9.631415e+000
    endloop
  endfacet
  facet normal  -0.000000e+000  6.276925e-001  7.784615e-001
    outer loop
      vertex  0.000000e+000  7.967800e+000  9.631415e+000
      vertex -4.500000e+001  7.967800e+000  9.631415e+000
      vertex  0.000000e+000  7.723245e+000  9.828606e+000
    endloop
  endfacet
  facet normal  0.000000e+000  6.276925e-001  7.784615e-001
    outer loop
      vertex  0.000000e+000  7.723245e+000  9.828606e+000
      vertex -4.500000e+001  7.967800e+000  9.631415e+000
      vertex -4.500000e+001  7.723245e+000  9.828606e+000
    endloop
  endfacet
  facet normal  -0.000000e+000  6.079299e-001  7.939907e-001
    outer loop
      vertex  0.000000e+000  7.723245e+000  9.828606e+000
      vertex -4.500000e+001  7.723245e+000  9.828606e+000
      vertex  0.000000e+000  7.473812e+000  1.001959e+001
    endloop
  endfacet
  facet normal  0.000000e+000  6.079299e-001  7.939907e-001
    outer loop
      vertex  0.000000e+000  7.473812e+000  1.001959e+001
      vertex -4.500000e+001  7.723245e+000  9.828606e+000
      vertex -4.500000e+001  7.473812e+000  1.001959e+001
    endloop
  endfacet
  facet normal  -0.000000e+000  5.877855e-001  8.090167e-001
    outer loop
      vertex  0.000000e+000  7.473812e+000  1.001959e+001
      vertex -4.500000e+001  7.473812e+000  1.001959e+001
      vertex  0.000000e+000  7.219659e+000  1.020424e+001
    endloop
  endfacet
  facet normal  0.000000e+000  5.877855e-001  8.090167e-001
    outer loop
      vertex  0.000000e+000  7.219659e+000  1.020424e+001
      vertex -4.500000e+001  7.473812e+000  1.001959e+001
      vertex -4.500000e+001  7.219659e+000  1.020424e+001
    endloop
  endfacet
  facet normal  -0.000000e+000  5.672693e-001  8.235323e-001
    outer loop
      vertex  0.000000e+000  7.219659e+000  1.020424e+001
      vertex -4.500000e+001  7.219659e+000  1.020424e+001
      vertex  0.000000e+000  6.960945e+000  1.038245e+001
    endloop
  endfacet
  facet normal  0.000000e+000  5.672693e-001  8.235323e-001
    outer loop
      vertex  0.000000e+000  6.960945e+000  1.038245e+001
      vertex -4.500000e+001  7.219659e+000  1.020424e+001
      vertex -4.500000e+001  6.960945e+000  1.038245e+001
    endloop
  endfacet
  facet normal  -0.000000e+000  5.463936e-001  8.375286e-001
    outer loop
      vertex  0.000000e+000  6.960945e+000  1.038245e+001
      vertex -4.500000e+001  6.960945e+000  1.038245e+001
      vertex  0.000000e+000  6.697835e+000  1.055410e+001
    endloop
  endfacet
  facet normal  0.000000e+000  5.463936e-001  8.375286e-001
    outer loop
      vertex  0.000000e+000  6.697835e+000  1.055410e+001
      vertex -4.500000e+001  6.960945e+000  1.038245e+001
      vertex -4.500000e+001  6.697835e+000  1.055410e+001
    endloop
  endfacet
  facet normal  -0.000000e+000  5.251739e-001  8.509949e-001
    outer loop
      vertex  0.000000e+000  6.697835e+000  1.055410e+001
      vertex -4.500000e+001  6.697835e+000  1.055410e+001
      vertex  0.000000e+000  6.430494e+000  1.071908e+001
    endloop
  endfacet
  facet normal  0.000000e+000  5.251739e-001  8.509949e-001
    outer loop
      vertex  0.000000e+000  6.430494e+000  1.071908e+001
      vertex -4.500000e+001  6.697835e+000  1.055410e+001
      vertex -4.500000e+001  6.430494e+000  1.071908e+001
    endloop
  endfacet
  facet normal  -0.000000e+000  5.036252e-001  8.639222e-001
    outer loop
      vertex  0.000000e+000  6.430494e+000  1.071908e+001
      vertex -4.500000e+001  6.430494e+000  1.071908e+001
      vertex  0.000000e+000  6.159092e+000  1.087730e+001
    endloop
  endfacet
  facet normal  0.000000e+000  5.036252e-001  8.639222e-001
    outer loop
      vertex  0.000000e+000  6.159092e+000  1.087730e+001
      vertex -4.500000e+001  6.430494e+000  1.071908e+001
      vertex -4.500000e+001  6.159092e+000  1.087730e+001
    endloop
  endfacet
  facet normal  -0.000000e+000  4.817532e-001  8.763070e-001
    outer loop
      vertex  0.000000e+000  6.159092e+000  1.087730e+001
      vertex -4.500000e+001  6.159092e+000  1.087730e+001
      vertex  0.000000e+000  5.883799e+000  1.102864e+001
    endloop
  endfacet
  facet normal  0.000000e+000  4.817532e-001  8.763070e-001
    outer loop
      vertex  0.000000e+000  5.883799e+000  1.102864e+001
      vertex -4.500000e+001  6.159092e+000  1.087730e+001
      vertex -4.500000e+001  5.883799e+000  1.102864e+001
    endloop
  endfacet
  facet normal  -0.000000e+000  4.595782e-001  8.881373e-001
    outer loop
      vertex  0.000000e+000  5.883799e+000  1.102864e+001
      vertex -4.500000e+001  5.883799e+000  1.102864e+001
      vertex  0.000000e+000  5.604790e+000  1.117302e+001
    endloop
  endfacet
  facet normal  0.000000e+000  4.595782e-001  8.881373e-001
    outer loop
      vertex  0.000000e+000  5.604790e+000  1.117302e+001
      vertex -4.500000e+001  5.883799e+000  1.102864e+001
      vertex -4.500000e+001  5.604790e+000  1.117302e+001
    endloop
  endfacet
  facet normal  -0.000000e+000  4.371164e-001  8.994049e-001
    outer loop
      vertex  0.000000e+000  5.604790e+000  1.117302e+001
      vertex -4.500000e+001  5.604790e+000  1.117302e+001
      vertex  0.000000e+000  5.322241e+000  1.131034e+001
    endloop
  endfacet
  facet normal  0.000000e+000  4.371164e-001  8.994049e-001
    outer loop
      vertex  0.000000e+000  5.322241e+000  1.131034e+001
      vertex -4.500000e+001  5.604790e+000  1.117302e+001
      vertex -4.500000e+001  5.322241e+000  1.131034e+001
    endloop
  endfacet
  facet normal  -0.000000e+000  4.143752e-001  9.101061e-001
    outer loop
      vertex  0.000000e+000  5.322241e+000  1.131034e+001
      vertex -4.500000e+001  5.322241e+000  1.131034e+001
      vertex  0.000000e+000  5.036330e+000  1.144051e+001
    endloop
  endfacet
  facet normal  0.000000e+000  4.143752e-001  9.101061e-001
    outer loop
      vertex  0.000000e+000  5.036330e+000  1.144051e+001
      vertex -4.500000e+001  5.322241e+000  1.131034e+001
      vertex -4.500000e+001  5.036330e+000  1.144051e+001
    endloop
  endfacet
  facet normal  -0.000000e+000  3.913742e-001  9.202316e-001
    outer loop
      vertex  0.000000e+000  5.036330e+000  1.144051e+001
      vertex -4.500000e+001  5.036330e+000  1.144051e+001
      vertex  0.000000e+000  4.747239e+000  1.156347e+001
    endloop
  endfacet
  facet normal  0.000000e+000  3.913742e-001  9.202316e-001
    outer loop
      vertex  0.000000e+000  4.747239e+000  1.156347e+001
      vertex -4.500000e+001  5.036330e+000  1.144051e+001
      vertex -4.500000e+001  4.747239e+000  1.156347e+001
    endloop
  endfacet
  facet normal  -0.000000e+000  3.681239e-001  9.297767e-001
    outer loop
      vertex  0.000000e+000  4.747239e+000  1.156347e+001
      vertex -4.500000e+001  4.747239e+000  1.156347e+001
      vertex  0.000000e+000  4.455149e+000  1.167911e+001
    endloop
  endfacet
  facet normal  0.000000e+000  3.681239e-001  9.297767e-001
    outer loop
      vertex  0.000000e+000  4.455149e+000  1.167911e+001
      vertex -4.500000e+001  4.747239e+000  1.156347e+001
      vertex -4.500000e+001  4.455149e+000  1.167911e+001
    endloop
  endfacet
  facet normal  -0.000000e+000  3.446449e-001  9.387331e-001
    outer loop
      vertex  0.000000e+000  4.455149e+000  1.167911e+001
      vertex -4.500000e+001  4.455149e+000  1.167911e+001
      vertex  0.000000e+000  4.160244e+000  1.178738e+001
    endloop
  endfacet
  facet normal  0.000000e+000  3.446449e-001  9.387331e-001
    outer loop
      vertex  0.000000e+000  4.160244e+000  1.178738e+001
      vertex -4.500000e+001  4.455149e+000  1.167911e+001
      vertex -4.500000e+001  4.160244e+000  1.178738e+001
    endloop
  endfacet
  facet normal  -0.000000e+000  3.209423e-001  9.470987e-001
    outer loop
      vertex  0.000000e+000  4.160244e+000  1.178738e+001
      vertex -4.500000e+001  4.160244e+000  1.178738e+001
      vertex  0.000000e+000  3.862712e+000  1.188821e+001
    endloop
  endfacet
  facet normal  0.000000e+000  3.209423e-001  9.470987e-001
    outer loop
      vertex  0.000000e+000  3.862712e+000  1.188821e+001
      vertex -4.500000e+001  4.160244e+000  1.178738e+001
      vertex -4.500000e+001  3.862712e+000  1.188821e+001
    endloop
  endfacet
  facet normal  -0.000000e+000  2.970422e-001  9.548644e-001
    outer loop
      vertex  0.000000e+000  3.862712e+000  1.188821e+001
      vertex -4.500000e+001  3.862712e+000  1.188821e+001
      vertex  0.000000e+000  3.562741e+000  1.198152e+001
    endloop
  endfacet
  facet normal  0.000000e+000  2.970422e-001  9.548644e-001
    outer loop
      vertex  0.000000e+000  3.562741e+000  1.198152e+001
      vertex -4.500000e+001  3.862712e+000  1.188821e+001
      vertex -4.500000e+001  3.562741e+000  1.198152e+001
    endloop
  endfacet
  facet normal  -0.000000e+000  2.729507e-001  9.620280e-001
    outer loop
      vertex  0.000000e+000  3.562741e+000  1.198152e+001
      vertex -4.500000e+001  3.562741e+000  1.198152e+001
      vertex  0.000000e+000  3.260519e+000  1.206727e+001
    endloop
  endfacet
  facet normal  0.000000e+000  2.729507e-001  9.620280e-001
    outer loop
      vertex  0.000000e+000  3.260519e+000  1.206727e+001
      vertex -4.500000e+001  3.562741e+000  1.198152e+001
      vertex -4.500000e+001  3.260519e+000  1.206727e+001
    endloop
  endfacet
  facet normal  -0.000000e+000  2.486893e-001  9.685833e-001
    outer loop
      vertex  0.000000e+000  3.260519e+000  1.206727e+001
      vertex -4.500000e+001  3.260519e+000  1.206727e+001
      vertex  0.000000e+000  2.956238e+000  1.214540e+001
    endloop
  endfacet
  facet normal  0.000000e+000  2.486893e-001  9.685833e-001
    outer loop
      vertex  0.000000e+000  2.956238e+000  1.214540e+001
      vertex -4.500000e+001  3.260519e+000  1.206727e+001
      vertex -4.500000e+001  2.956238e+000  1.214540e+001
    endloop
  endfacet
  facet normal  -0.000000e+000  2.242727e-001  9.745264e-001
    outer loop
      vertex  0.000000e+000  2.956238e+000  1.214540e+001
      vertex -4.500000e+001  2.956238e+000  1.214540e+001
      vertex  0.000000e+000  2.650089e+000  1.221585e+001
    endloop
  endfacet
  facet normal  0.000000e+000  2.242727e-001  9.745264e-001
    outer loop
      vertex  0.000000e+000  2.650089e+000  1.221585e+001
      vertex -4.500000e+001  2.956238e+000  1.214540e+001
      vertex -4.500000e+001  2.650089e+000  1.221585e+001
    endloop
  endfacet
  facet normal  -0.000000e+000  1.997079e-001  9.798555e-001
    outer loop
      vertex  0.000000e+000  2.650089e+000  1.221585e+001
      vertex -4.500000e+001  2.650089e+000  1.221585e+001
      vertex  0.000000e+000  2.342266e+000  1.227859e+001
    endloop
  endfacet
  facet normal  0.000000e+000  1.997079e-001  9.798555e-001
    outer loop
      vertex  0.000000e+000  2.342266e+000  1.227859e+001
      vertex -4.500000e+001  2.650089e+000  1.221585e+001
      vertex -4.500000e+001  2.342266e+000  1.227859e+001
    endloop
  endfacet
  facet normal  -0.000000e+000  1.750244e-001  9.845641e-001
    outer loop
      vertex  0.000000e+000  2.342266e+000  1.227859e+001
      vertex -4.500000e+001  2.342266e+000  1.227859e+001
      vertex  0.000000e+000  2.032964e+000  1.233357e+001
    endloop
  endfacet
  facet normal  0.000000e+000  1.750244e-001  9.845641e-001
    outer loop
      vertex  0.000000e+000  2.032964e+000  1.233357e+001
      vertex -4.500000e+001  2.342266e+000  1.227859e+001
      vertex -4.500000e+001  2.032964e+000  1.233357e+001
    endloop
  endfacet
  facet normal  -0.000000e+000  1.502257e-001  9.886517e-001
    outer loop
      vertex  0.000000e+000  2.032964e+000  1.233357e+001
      vertex -4.500000e+001  2.032964e+000  1.233357e+001
      vertex  0.000000e+000  1.722379e+000  1.238077e+001
    endloop
  endfacet
  facet normal  0.000000e+000  1.502257e-001  9.886517e-001
    outer loop
      vertex  0.000000e+000  1.722379e+000  1.238077e+001
      vertex -4.500000e+001  2.032964e+000  1.233357e+001
      vertex -4.500000e+001  1.722379e+000  1.238077e+001
    endloop
  endfacet
  facet normal  -0.000000e+000  1.253327e-001  9.921147e-001
    outer loop
      vertex  0.000000e+000  1.722379e+000  1.238077e+001
      vertex -4.500000e+001  1.722379e+000  1.238077e+001
      vertex  0.000000e+000  1.410705e+000  1.242014e+001
    endloop
  endfacet
  facet normal  0.000000e+000  1.253327e-001  9.921147e-001
    outer loop
      vertex  0.000000e+000  1.410705e+000  1.242014e+001
      vertex -4.500000e+001  1.722379e+000  1.238077e+001
      vertex -4.500000e+001  1.410705e+000  1.242014e+001
    endloop
  endfacet
  facet normal  -0.000000e+000  1.003609e-001  9.949511e-001
    outer loop
      vertex  0.000000e+000  1.410705e+000  1.242014e+001
      vertex -4.500000e+001  1.410705e+000  1.242014e+001
      vertex  0.000000e+000  1.098140e+000  1.245167e+001
    endloop
  endfacet
  facet normal  0.000000e+000  1.003609e-001  9.949511e-001
    outer loop
      vertex  0.000000e+000  1.098140e+000  1.245167e+001
      vertex -4.500000e+001  1.410705e+000  1.242014e+001
      vertex -4.500000e+001  1.098140e+000  1.245167e+001
    endloop
  endfacet
  facet normal  -0.000000e+000  7.532832e-002  9.971588e-001
    outer loop
      vertex  0.000000e+000  1.098140e+000  1.245167e+001
      vertex -4.500000e+001  1.098140e+000  1.245167e+001
      vertex  0.000000e+000  7.848815e-001  1.247533e+001
    endloop
  endfacet
  facet normal  0.000000e+000  7.532832e-002  9.971588e-001
    outer loop
      vertex  0.000000e+000  7.848815e-001  1.247533e+001
      vertex -4.500000e+001  1.098140e+000  1.245167e+001
      vertex -4.500000e+001  7.848815e-001  1.247533e+001
    endloop
  endfacet
  facet normal  -0.000000e+000  5.024419e-002  9.987369e-001
    outer loop
      vertex  0.000000e+000  7.848815e-001  1.247533e+001
      vertex -4.500000e+001  7.848815e-001  1.247533e+001
      vertex  0.000000e+000  4.711273e-001  1.249112e+001
    endloop
  endfacet
  facet normal  0.000000e+000  5.024419e-002  9.987369e-001
    outer loop
      vertex  0.000000e+000  4.711273e-001  1.249112e+001
      vertex -4.500000e+001  7.848815e-001  1.247533e+001
      vertex -4.500000e+001  4.711273e-001  1.249112e+001
    endloop
  endfacet
  facet normal  -0.000000e+000  2.512969e-002  9.996843e-001
    outer loop
      vertex  0.000000e+000  4.711273e-001  1.249112e+001
      vertex -4.500000e+001  4.711273e-001  1.249112e+001
      vertex  0.000000e+000  1.570755e-001  1.249901e+001
    endloop
  endfacet
  facet normal  0.000000e+000  2.512969e-002  9.996843e-001
    outer loop
      vertex  0.000000e+000  1.570755e-001  1.249901e+001
      vertex -4.500000e+001  4.711273e-001  1.249112e+001
      vertex -4.500000e+001  1.570755e-001  1.249901e+001
    endloop
  endfacet
  facet normal  -0.000000e+000  0.000000e+000  1.000000e+000
    outer loop
      vertex  0.000000e+000  1.570755e-001  1.249901e+001
      vertex -4.500000e+001  1.570755e-001  1.249901e+001
      vertex  0.000000e+000 -1.570755e-001  1.249901e+001
    endloop
  endfacet
  facet normal  0.000000e+000  0.000000e+000  1.000000e+000
    outer loop
      vertex  0.000000e+000 -1.570755e-001  1.249901e+001
      vertex -4.500000e+001  1.570755e-001  1.249901e+001
      vertex -4.500000e+001 -1.570755e-001  1.249901e+001
    endloop
  endfacet
  facet normal  0.000000e+000 -2.512969e-002  9.996843e-001
    outer loop
      vertex  0.000000e+000 -1.570755e-001  1.249901e+001
      vertex -4.500000e+001 -1.570755e-001  1.249901e+001
      vertex  0.000000e+000 -4.711273e-001  1.249112e+001
    endloop
  endfacet
  facet normal  0.000000e+000 -2.512969e-002  9.996843e-001
    outer loop
      vertex  0.000000e+000 -4.711273e-001  1.249112e+001
      vertex -4.500000e+001 -1.570755e-001  1.249901e+001
      vertex -4.500000e+001 -4.711273e-001  1.249112e+001
    endloop
  endfacet
  facet normal  0.000000e+000 -5.024419e-002  9.987369e-001
    outer loop
      vertex  0.000000e+000 -4.711273e-001  1.249112e+001
      vertex -4.500000e+001 -4.711273e-001  1.249112e+001
      vertex  0.000000e+000 -7.848815e-001  1.247533e+001
    endloop
  endfacet
  facet normal  0.000000e+000 -5.024419e-002  9.987369e-001
    outer loop
      vertex  0.000000e+000 -7.848815e-001  1.247533e+001
      vertex -4.500000e+001 -4.711273e-001  1.249112e+001
      vertex -4.500000e+001 -7.848815e-001  1.247533e+001
    endloop
  endfacet
  facet normal  0.000000e+000 -7.532832e-002  9.971588e-001
    outer loop
      vertex  0.000000e+000 -7.848815e-001  1.247533e+001
      vertex -4.500000e+001 -7.848815e-001  1.247533e+001
      vertex  0.000000e+000 -1.098140e+000  1.245167e+001
    endloop
  endfacet
  facet normal  0.000000e+000 -7.532832e-002  9.971588e-001
    outer loop
      vertex  0.000000e+000 -1.098140e+000  1.245167e+001
      vertex -4.500000e+001 -7.848815e-001  1.247533e+001
      vertex -4.500000e+001 -1.098140e+000  1.245167e+001
    endloop
  endfacet
  facet normal  0.000000e+000 -1.003609e-001  9.949511e-001
    outer loop
      vertex  0.000000e+000 -1.098140e+000  1.245167e+001
      vertex -4.500000e+001 -1.098140e+000  1.245167e+001
      vertex  0.000000e+000 -1.410705e+000  1.242014e+001
    endloop
  endfacet
  facet normal  0.000000e+000 -1.003609e-001  9.949511e-001
    outer loop
      vertex  0.000000e+000 -1.410705e+000  1.242014e+001
      vertex -4.500000e+001 -1.098140e+000  1.245167e+001
      vertex -4.500000e+001 -1.410705e+000  1.242014e+001
    endloop
  endfacet
  facet normal  0.000000e+000 -1.253327e-001  9.921147e-001
    outer loop
      vertex  0.000000e+000 -1.410705e+000  1.242014e+001
      vertex -4.500000e+001 -1.410705e+000  1.242014e+001
      vertex  0.000000e+000 -1.722379e+000  1.238077e+001
    endloop
  endfacet
  facet normal  0.000000e+000 -1.253327e-001  9.921147e-001
    outer loop
      vertex  0.000000e+000 -1.722379e+000  1.238077e+001
      vertex -4.500000e+001 -1.410705e+000  1.242014e+001
      vertex -4.500000e+001 -1.722379e+000  1.238077e+001
    endloop
  endfacet
  facet normal  0.000000e+000 -1.502257e-001  9.886517e-001
    outer loop
      vertex  0.000000e+000 -1.722379e+000  1.238077e+001
      vertex -4.500000e+001 -1.722379e+000  1.238077e+001
      vertex  0.000000e+000 -2.032964e+000  1.233357e+001
    endloop
  endfacet
  facet normal  0.000000e+000 -1.502257e-001  9.886517e-001
    outer loop
      vertex  0.000000e+000 -2.032964e+000  1.233357e+001
      vertex -4.500000e+001 -1.722379e+000  1.238077e+001
      vertex -4.500000e+001 -2.032964e+000  1.233357e+001
    endloop
  endfacet
  facet normal  0.000000e+000 -1.750244e-001  9.845641e-001
    outer loop
      vertex  0.000000e+000 -2.032964e+000  1.233357e+001
      vertex -4.500000e+001 -2.032964e+000  1.233357e+001
      vertex  0.000000e+000 -2.342266e+000  1.227859e+001
    endloop
  endfacet
  facet normal  0.000000e+000 -1.750244e-001  9.845641e-001
    outer loop
      vertex  0.000000e+000 -2.342266e+000  1.227859e+001
      vertex -4.500000e+001 -2.032964e+000  1.233357e+001
      vertex -4.500000e+001 -2.342266e+000  1.227859e+001
    endloop
  endfacet
  facet normal  0.000000e+000 -1.997079e-001  9.798555e-001
    outer loop
      vertex  0.000000e+000 -2.342266e+000  1.227859e+001
      vertex -4.500000e+001 -2.342266e+000  1.227859e+001
      vertex  0.000000e+000 -2.650089e+000  1.221585e+001
    endloop
  endfacet
  facet normal  0.000000e+000 -1.997079e-001  9.798555e-001
    outer loop
      vertex  0.000000e+000 -2.650089e+000  1.221585e+001
      vertex -4.500000e+001 -2.342266e+000  1.227859e+001
      vertex -4.500000e+001 -2.650089e+000  1.221585e+001
    endloop
  endfacet
  facet normal  0.000000e+000 -2.242727e-001  9.745264e-001
    outer loop
      vertex  0.000000e+000 -2.650089e+000  1.221585e+001
      vertex -4.500000e+001 -2.650089e+000  1.221585e+001
      vertex  0.000000e+000 -2.956238e+000  1.214540e+001
    endloop
  endfacet
  facet normal  0.000000e+000 -2.242727e-001  9.745264e-001
    outer loop
      vertex  0.000000e+000 -2.956238e+000  1.214540e+001
      vertex -4.500000e+001 -2.650089e+000  1.221585e+001
      vertex -4.500000e+001 -2.956238e+000  1.214540e+001
    endloop
  endfacet
  facet normal  0.000000e+000 -2.486893e-001  9.685833e-001
    outer loop
      vertex  0.000000e+000 -2.956238e+000  1.214540e+001
      vertex -4.500000e+001 -2.956238e+000  1.214540e+001
      vertex  0.000000e+000 -3.260519e+000  1.206727e+001
    endloop
  endfacet
  facet normal  0.000000e+000 -2.486893e-001  9.685833e-001
    outer loop
      vertex  0.000000e+000 -3.260519e+000  1.206727e+001
      vertex -4.500000e+001 -2.956238e+000  1.214540e+001
      vertex -4.500000e+001 -3.260519e+000  1.206727e+001
    endloop
  endfacet
  facet normal  0.000000e+000 -2.729507e-001  9.620280e-001
    outer loop
      vertex  0.000000e+000 -3.260519e+000  1.206727e+001
      vertex -4.500000e+001 -3.260519e+000  1.206727e+001
      vertex  0.000000e+000 -3.562741e+000  1.198152e+001
    endloop
  endfacet
  facet normal  0.000000e+000 -2.729507e-001  9.620280e-001
    outer loop
      vertex  0.000000e+000 -3.562741e+000  1.198152e+001
      vertex -4.500000e+001 -3.260519e+000  1.206727e+001
      vertex -4.500000e+001 -3.562741e+000  1.198152e+001
    endloop
  endfacet
  facet normal  0.000000e+000 -2.970422e-001  9.548644e-001
    outer loop
      vertex  0.000000e+000 -3.562741e+000  1.198152e+001
      vertex -4.500000e+001 -3.562741e+000  1.198152e+001
      vertex  0.000000e+000 -3.862712e+000  1.188821e+001
    endloop
  endfacet
  facet normal  0.000000e+000 -2.970422e-001  9.548644e-001
    outer loop
      vertex  0.000000e+000 -3.862712e+000  1.188821e+001
      vertex -4.500000e+001 -3.562741e+000  1.198152e+001
      vertex -4.500000e+001 -3.862712e+000  1.188821e+001
    endloop
  endfacet
  facet normal  0.000000e+000 -3.209423e-001  9.470987e-001
    outer loop
      vertex  0.000000e+000 -3.862712e+000  1.188821e+001
      vertex -4.500000e+001 -3.862712e+000  1.188821e+001
      vertex  0.000000e+000 -4.160244e+000  1.178738e+001
    endloop
  endfacet
  facet normal  0.000000e+000 -3.209423e-001  9.470987e-001
    outer loop
      vertex  0.000000e+000 -4.160244e+000  1.178738e+001
      vertex -4.500000e+001 -3.862712e+000  1.188821e+001
      vertex -4.500000e+001 -4.160244e+000  1.178738e+001
    endloop
  endfacet
  facet normal  0.000000e+000 -3.446449e-001  9.387331e-001
    outer loop
      vertex  0.000000e+000 -4.160244e+000  1.178738e+001
      vertex -4.500000e+001 -4.160244e+000  1.178738e+001
      vertex  0.000000e+000 -4.455149e+000  1.167911e+001
    endloop
  endfacet
  facet normal  0.000000e+000 -3.446449e-001  9.387331e-001
    outer loop
      vertex  0.000000e+000 -4.455149e+000  1.167911e+001
      vertex -4.500000e+001 -4.160244e+000  1.178738e+001
      vertex -4.500000e+001 -4.455149e+000  1.167911e+001
    endloop
  endfacet
  facet normal  0.000000e+000 -3.681239e-001  9.297767e-001
    outer loop
      vertex  0.000000e+000 -4.455149e+000  1.167911e+001
      vertex -4.500000e+001 -4.455149e+000  1.167911e+001
      vertex  0.000000e+000 -4.747239e+000  1.156347e+001
    endloop
  endfacet
  facet normal  0.000000e+000 -3.681239e-001  9.297767e-001
    outer loop
      vertex  0.000000e+000 -4.747239e+000  1.156347e+001
      vertex -4.500000e+001 -4.455149e+000  1.167911e+001
      vertex -4.500000e+001 -4.747239e+000  1.156347e+001
    endloop
  endfacet
  facet normal  0.000000e+000 -3.913742e-001  9.202316e-001
    outer loop
      vertex  0.000000e+000 -4.747239e+000  1.156347e+001
      vertex -4.500000e+001 -4.747239e+000  1.156347e+001
      vertex  0.000000e+000 -5.036330e+000  1.144051e+001
    endloop
  endfacet
  facet normal  0.000000e+000 -3.913742e-001  9.202316e-001
    outer loop
      vertex  0.000000e+000 -5.036330e+000  1.144051e+001
      vertex -4.500000e+001 -4.747239e+000  1.156347e+001
      vertex -4.500000e+001 -5.036330e+000  1.144051e+001
    endloop
  endfacet
  facet normal  0.000000e+000 -4.143752e-001  9.101061e-001
    outer loop
      vertex  0.000000e+000 -5.036330e+000  1.144051e+001
      vertex -4.500000e+001 -5.036330e+000  1.144051e+001
      vertex  0.000000e+000 -5.322241e+000  1.131034e+001
    endloop
  endfacet
  facet normal  0.000000e+000 -4.143752e-001  9.101061e-001
    outer loop
      vertex  0.000000e+000 -5.322241e+000  1.131034e+001
      vertex -4.500000e+001 -5.036330e+000  1.144051e+001
      vertex -4.500000e+001 -5.322241e+000  1.131034e+001
    endloop
  endfacet
  facet normal  0.000000e+000 -4.371164e-001  8.994049e-001
    outer loop
      vertex  0.000000e+000 -5.322241e+000  1.131034e+001
      vertex -4.500000e+001 -5.322241e+000  1.131034e+001
      vertex  0.000000e+000 -5.604790e+000  1.117302e+001
    endloop
  endfacet
  facet normal  0.000000e+000 -4.371164e-001  8.994049e-001
    outer loop
      vertex  0.000000e+000 -5.604790e+000  1.117302e+001
      vertex -4.500000e+001 -5.322241e+000  1.131034e+001
      vertex -4.500000e+001 -5.604790e+000  1.117302e+001
    endloop
  endfacet
  facet normal  0.000000e+000 -4.595782e-001  8.881373e-001
    outer loop
      vertex  0.000000e+000 -5.604790e+000  1.117302e+001
      vertex -4.500000e+001 -5.604790e+000  1.117302e+001
      vertex  0.000000e+000 -5.883799e+000  1.102864e+001
    endloop
  endfacet
  facet normal  0.000000e+000 -4.595782e-001  8.881373e-001
    outer loop
      vertex  0.000000e+000 -5.883799e+000  1.102864e+001
      vertex -4.500000e+001 -5.604790e+000  1.117302e+001
      vertex -4.500000e+001 -5.883799e+000  1.102864e+001
    endloop
  endfacet
  facet normal  0.000000e+000 -4.817532e-001  8.763070e-001
    outer loop
      vertex  0.000000e+000 -5.883799e+000  1.102864e+001
      vertex -4.500000e+001 -5.883799e+000  1.102864e+001
      vertex  0.000000e+000 -6.159092e+000  1.087730e+001
    endloop
  endfacet
  facet normal  0.000000e+000 -4.817532e-001  8.763070e-001
    outer loop
      vertex  0.000000e+000 -6.159092e+000  1.087730e+001
      vertex -4.500000e+001 -5.883799e+000  1.102864e+001
      vertex -4.500000e+001 -6.159092e+000  1.087730e+001
    endloop
  endfacet
  facet normal  0.000000e+000 -5.036252e-001  8.639222e-001
    outer loop
      vertex  0.000000e+000 -6.159092e+000  1.087730e+001
      vertex -4.500000e+001 -6.159092e+000  1.087730e+001
      vertex  0.000000e+000 -6.430494e+000  1.071908e+001
    endloop
  endfacet
  facet normal  0.000000e+000 -5.036252e-001  8.639222e-001
    outer loop
      vertex  0.000000e+000 -6.430494e+000  1.071908e+001
      vertex -4.500000e+001 -6.159092e+000  1.087730e+001
      vertex -4.500000e+001 -6.430494e+000  1.071908e+001
    endloop
  endfacet
  facet normal  0.000000e+000 -5.251739e-001  8.509949e-001
    outer loop
      vertex  0.000000e+000 -6.430494e+000  1.071908e+001
      vertex -4.500000e+001 -6.430494e+000  1.071908e+001
      vertex  0.000000e+000 -6.697835e+000  1.055410e+001
    endloop
  endfacet
  facet normal  0.000000e+000 -5.251739e-001  8.509949e-001
    outer loop
      vertex  0.000000e+000 -6.697835e+000  1.055410e+001
      vertex -4.500000e+001 -6.430494e+000  1.071908e+001
      vertex -4.500000e+001 -6.697835e+000  1.055410e+001
    endloop
  endfacet
  facet normal  0.000000e+000 -5.463936e-001  8.375286e-001
    outer loop
      vertex  0.000000e+000 -6.697835e+000  1.055410e+001
      vertex -4.500000e+001 -6.697835e+000  1.055410e+001
      vertex  0.000000e+000 -6.960945e+000  1.038245e+001
    endloop
  endfacet
  facet normal  0.000000e+000 -5.463936e-001  8.375286e-001
    outer loop
      vertex  0.000000e+000 -6.960945e+000  1.038245e+001
      vertex -4.500000e+001 -6.697835e+000  1.055410e+001
      vertex -4.500000e+001 -6.960945e+000  1.038245e+001
    endloop
  endfacet
  facet normal  0.000000e+000 -5.672693e-001  8.235323e-001
    outer loop
      vertex  0.000000e+000 -6.960945e+000  1.038245e+001
      vertex -4.500000e+001 -6.960945e+000  1.038245e+001
      vertex  0.000000e+000 -7.219659e+000  1.020424e+001
    endloop
  endfacet
  facet normal  0.000000e+000 -5.672693e-001  8.235323e-001
    outer loop
      vertex  0.000000e+000 -7.219659e+000  1.020424e+001
      vertex -4.500000e+001 -6.960945e+000  1.038245e+001
      vertex -4.500000e+001 -7.219659e+000  1.020424e+001
    endloop
  endfacet
  facet normal  0.000000e+000 -5.877855e-001  8.090167e-001
    outer loop
      vertex  0.000000e+000 -7.219659e+000  1.020424e+001
      vertex -4.500000e+001 -7.219659e+000  1.020424e+001
      vertex  0.000000e+000 -7.473812e+000  1.001959e+001
    endloop
  endfacet
  facet normal  0.000000e+000 -5.877855e-001  8.090167e-001
    outer loop
      vertex  0.000000e+000 -7.473812e+000  1.001959e+001
      vertex -4.500000e+001 -7.219659e+000  1.020424e+001
      vertex -4.500000e+001 -7.473812e+000  1.001959e+001
    endloop
  endfacet
  facet normal  0.000000e+000 -6.079299e-001  7.939907e-001
    outer loop
      vertex  0.000000e+000 -7.473812e+000  1.001959e+001
      vertex -4.500000e+001 -7.473812e+000  1.001959e+001
      vertex  0.000000e+000 -7.723245e+000  9.828606e+000
    endloop
  endfacet
  facet normal  0.000000e+000 -6.079299e-001  7.939907e-001
    outer loop
      vertex  0.000000e+000 -7.723245e+000  9.828606e+000
      vertex -4.500000e+001 -7.473812e+000  1.001959e+001
      vertex -4.500000e+001 -7.723245e+000  9.828606e+000
    endloop
  endfacet
  facet normal  0.000000e+000 -6.276925e-001  7.784615e-001
    outer loop
      vertex  0.000000e+000 -7.723245e+000  9.828606e+000
      vertex -4.500000e+001 -7.723245e+000  9.828606e+000
      vertex  0.000000e+000 -7.967800e+000  9.631415e+000
    endloop
  endfacet
  facet normal  0.000000e+000 -6.276925e-001  7.784615e-001
    outer loop
      vertex  0.000000e+000 -7.967800e+000  9.631415e+000
      vertex -4.500000e+001 -7.723245e+000  9.828606e+000
      vertex -4.500000e+001 -7.967800e+000  9.631415e+000
    endloop
  endfacet
  facet normal  0.000000e+000 -6.470545e-001  7.624438e-001
    outer loop
      vertex  0.000000e+000 -7.967800e+000  9.631415e+000
      vertex -4.500000e+001 -7.967800e+000  9.631415e+000
      vertex  0.000000e+000 -8.207322e+000  9.428143e+000
    endloop
  endfacet
  facet normal  0.000000e+000 -6.470545e-001  7.624438e-001
    outer loop
      vertex  0.000000e+000 -8.207322e+000  9.428143e+000
      vertex -4.500000e+001 -7.967800e+000  9.631415e+000
      vertex -4.500000e+001 -8.207322e+000  9.428143e+000
    endloop
  endfacet
  facet normal  0.000000e+000 -6.660128e-001  7.459403e-001
    outer loop
      vertex  0.000000e+000 -8.207322e+000  9.428143e+000
      vertex -4.500000e+001 -8.207322e+000  9.428143e+000
      vertex  0.000000e+000 -8.441660e+000  9.218914e+000
    endloop
  endfacet
  facet normal  0.000000e+000 -6.660128e-001  7.459403e-001
    outer loop
      vertex  0.000000e+000 -8.441660e+000  9.218914e+000
      vertex -4.500000e+001 -8.207322e+000  9.428143e+000
      vertex -4.500000e+001 -8.441660e+000  9.218914e+000
    endloop
  endfacet
  facet normal  0.000000e+000 -6.845471e-001  7.289687e-001
    outer loop
      vertex  0.000000e+000 -8.441660e+000  9.218914e+000
      vertex -4.500000e+001 -8.441660e+000  9.218914e+000
      vertex  0.000000e+000 -8.670667e+000  9.003862e+000
    endloop
  endfacet
  facet normal  0.000000e+000 -6.845471e-001  7.289687e-001
    outer loop
      vertex  0.000000e+000 -8.670667e+000  9.003862e+000
      vertex -4.500000e+001 -8.441660e+000  9.218914e+000
      vertex -4.500000e+001 -8.670667e+000  9.003862e+000
    endloop
  endfacet
  facet normal  0.000000e+000 -7.026501e-001  7.115357e-001
    outer loop
      vertex  0.000000e+000 -8.670667e+000  9.003862e+000
      vertex -4.500000e+001 -8.670667e+000  9.003862e+000
      vertex  0.000000e+000 -8.894196e+000  8.783125e+000
    endloop
  endfacet
  facet normal  0.000000e+000 -7.026501e-001  7.115357e-001
    outer loop
      vertex  0.000000e+000 -8.894196e+000  8.783125e+000
      vertex -4.500000e+001 -8.670667e+000  9.003862e+000
      vertex -4.500000e+001 -8.894196e+000  8.783125e+000
    endloop
  endfacet
  facet normal  0.000000e+000 -7.203080e-001  6.936545e-001
    outer loop
      vertex  0.000000e+000 -8.894196e+000  8.783125e+000
      vertex -4.500000e+001 -8.894196e+000  8.783125e+000
      vertex  0.000000e+000 -9.112108e+000  8.556839e+000
    endloop
  endfacet
  facet normal  0.000000e+000 -7.203080e-001  6.936545e-001
    outer loop
      vertex  0.000000e+000 -9.112108e+000  8.556839e+000
      vertex -4.500000e+001 -8.894196e+000  8.783125e+000
      vertex -4.500000e+001 -9.112108e+000  8.556839e+000
    endloop
  endfacet
  facet normal  0.000000e+000 -7.375134e-001  6.753327e-001
    outer loop
      vertex  0.000000e+000 -9.112108e+000  8.556839e+000
      vertex -4.500000e+001 -9.112108e+000  8.556839e+000
      vertex  0.000000e+000 -9.324265e+000  8.325149e+000
    endloop
  endfacet
  facet normal  0.000000e+000 -7.375134e-001  6.753327e-001
    outer loop
      vertex  0.000000e+000 -9.324265e+000  8.325149e+000
      vertex -4.500000e+001 -9.112108e+000  8.556839e+000
      vertex -4.500000e+001 -9.324265e+000  8.325149e+000
    endloop
  endfacet
  facet normal  0.000000e+000 -7.542526e-001  6.565843e-001
    outer loop
      vertex  0.000000e+000 -9.324265e+000  8.325149e+000
      vertex -4.500000e+001 -9.324265e+000  8.325149e+000
      vertex  0.000000e+000 -9.530531e+000  8.088200e+000
    endloop
  endfacet
  facet normal  0.000000e+000 -7.542526e-001  6.565843e-001
    outer loop
      vertex  0.000000e+000 -9.530531e+000  8.088200e+000
      vertex -4.500000e+001 -9.324265e+000  8.325149e+000
      vertex -4.500000e+001 -9.530531e+000  8.088200e+000
    endloop
  endfacet
  facet normal  0.000000e+000 -7.705131e-001  6.374243e-001
    outer loop
      vertex  0.000000e+000 -9.530531e+000  8.088200e+000
      vertex -4.500000e+001 -9.530531e+000  8.088200e+000
      vertex  0.000000e+000 -9.730779e+000  7.846142e+000
    endloop
  endfacet
  facet normal  0.000000e+000 -7.705131e-001  6.374243e-001
    outer loop
      vertex  0.000000e+000 -9.730779e+000  7.846142e+000
      vertex -4.500000e+001 -9.530531e+000  8.088200e+000
      vertex -4.500000e+001 -9.730779e+000  7.846142e+000
    endloop
  endfacet
  facet normal  0.000000e+000 -7.862880e-001  6.178601e-001
    outer loop
      vertex  0.000000e+000 -9.730779e+000  7.846142e+000
      vertex -4.500000e+001 -9.730779e+000  7.846142e+000
      vertex  0.000000e+000 -9.924880e+000  7.599129e+000
    endloop
  endfacet
  facet normal  0.000000e+000 -7.862880e-001  6.178601e-001
    outer loop
      vertex  0.000000e+000 -9.924880e+000  7.599129e+000
      vertex -4.500000e+001 -9.730779e+000  7.846142e+000
      vertex -4.500000e+001 -9.924880e+000  7.599129e+000
    endloop
  endfacet
  facet normal  0.000000e+000 -8.015663e-001  5.979060e-001
    outer loop
      vertex  0.000000e+000 -9.924880e+000  7.599129e+000
      vertex -4.500000e+001 -9.924880e+000  7.599129e+000
      vertex  0.000000e+000 -1.011271e+001  7.347316e+000
    endloop
  endfacet
  facet normal  0.000000e+000 -8.015663e-001  5.979060e-001
    outer loop
      vertex  0.000000e+000 -1.011271e+001  7.347316e+000
      vertex -4.500000e+001 -9.924880e+000  7.599129e+000
      vertex -4.500000e+001 -1.011271e+001  7.347316e+000
    endloop
  endfacet
  facet normal  0.000000e+000 -8.163408e-001  5.775706e-001
    outer loop
      vertex  0.000000e+000 -1.011271e+001  7.347316e+000
      vertex -4.500000e+001 -1.011271e+001  7.347316e+000
      vertex  0.000000e+000 -1.029416e+001  7.090862e+000
    endloop
  endfacet
  facet normal  0.000000e+000 -8.163408e-001  5.775706e-001
    outer loop
      vertex  0.000000e+000 -1.029416e+001  7.090862e+000
      vertex -4.500000e+001 -1.011271e+001  7.347316e+000
      vertex -4.500000e+001 -1.029416e+001  7.090862e+000
    endloop
  endfacet
  facet normal  0.000000e+000 -8.305945e-001  5.568777e-001
    outer loop
      vertex  0.000000e+000 -1.029416e+001  7.090862e+000
      vertex -4.500000e+001 -1.029416e+001  7.090862e+000
      vertex  0.000000e+000 -1.046910e+001  6.829929e+000
    endloop
  endfacet
  facet normal  0.000000e+000 -8.305945e-001  5.568777e-001
    outer loop
      vertex  0.000000e+000 -1.046910e+001  6.829929e+000
      vertex -4.500000e+001 -1.029416e+001  7.090862e+000
      vertex -4.500000e+001 -1.046910e+001  6.829929e+000
    endloop
  endfacet
  facet normal  0.000000e+000 -8.443283e-001  5.358261e-001
    outer loop
      vertex  0.000000e+000 -1.046910e+001  6.829929e+000
      vertex -4.500000e+001 -1.046910e+001  6.829929e+000
      vertex  0.000000e+000 -1.063743e+001  6.564683e+000
    endloop
  endfacet
  facet normal  0.000000e+000 -8.443283e-001  5.358261e-001
    outer loop
      vertex  0.000000e+000 -1.063743e+001  6.564683e+000
      vertex -4.500000e+001 -1.046910e+001  6.829929e+000
      vertex -4.500000e+001 -1.063743e+001  6.564683e+000
    endloop
  endfacet
  facet normal  0.000000e+000 -8.575269e-001  5.144390e-001
    outer loop
      vertex  0.000000e+000 -1.063743e+001  6.564683e+000
      vertex -4.500000e+001 -1.063743e+001  6.564683e+000
      vertex  0.000000e+000 -1.079904e+001  6.295290e+000
    endloop
  endfacet
  facet normal  0.000000e+000 -8.575269e-001  5.144390e-001
    outer loop
      vertex  0.000000e+000 -1.079904e+001  6.295290e+000
      vertex -4.500000e+001 -1.063743e+001  6.564683e+000
      vertex -4.500000e+001 -1.079904e+001  6.295290e+000
    endloop
  endfacet
  facet normal  0.000000e+000 -8.701835e-001  4.927279e-001
    outer loop
      vertex  0.000000e+000 -1.079904e+001  6.295290e+000
      vertex -4.500000e+001 -1.079904e+001  6.295290e+000
      vertex  0.000000e+000 -1.095383e+001  6.021921e+000
    endloop
  endfacet
  facet normal  0.000000e+000 -8.701835e-001  4.927279e-001
    outer loop
      vertex  0.000000e+000 -1.095383e+001  6.021921e+000
      vertex -4.500000e+001 -1.079904e+001  6.295290e+000
      vertex -4.500000e+001 -1.095383e+001  6.021921e+000
    endloop
  endfacet
  facet normal  0.000000e+000 -8.822917e-001  4.707031e-001
    outer loop
      vertex  0.000000e+000 -1.095383e+001  6.021921e+000
      vertex -4.500000e+001 -1.095383e+001  6.021921e+000
      vertex  0.000000e+000 -1.110171e+001  5.744748e+000
    endloop
  endfacet
  facet normal  0.000000e+000 -8.822917e-001  4.707031e-001
    outer loop
      vertex  0.000000e+000 -1.110171e+001  5.744748e+000
      vertex -4.500000e+001 -1.095383e+001  6.021921e+000
      vertex -4.500000e+001 -1.110171e+001  5.744748e+000
    endloop
  endfacet
  facet normal  0.000000e+000 -8.938405e-001  4.483850e-001
    outer loop
      vertex  0.000000e+000 -1.110171e+001  5.744748e+000
      vertex -4.500000e+001 -1.110171e+001  5.744748e+000
      vertex  0.000000e+000 -1.124257e+001  5.463947e+000
    endloop
  endfacet
  facet normal  0.000000e+000 -8.938405e-001  4.483850e-001
    outer loop
      vertex  0.000000e+000 -1.124257e+001  5.463947e+000
      vertex -4.500000e+001 -1.110171e+001  5.744748e+000
      vertex -4.500000e+001 -1.124257e+001  5.463947e+000
    endloop
  endfacet
  facet normal  0.000000e+000 -9.048278e-001  4.257777e-001
    outer loop
      vertex  0.000000e+000 -1.124257e+001  5.463947e+000
      vertex -4.500000e+001 -1.124257e+001  5.463947e+000
      vertex  0.000000e+000 -1.137632e+001  5.179695e+000
    endloop
  endfacet
  facet normal  0.000000e+000 -9.048278e-001  4.257777e-001
    outer loop
      vertex  0.000000e+000 -1.137632e+001  5.179695e+000
      vertex -4.500000e+001 -1.124257e+001  5.463947e+000
      vertex -4.500000e+001 -1.137632e+001  5.179695e+000
    endloop
  endfacet
  facet normal  0.000000e+000 -9.152409e-001  4.029069e-001
    outer loop
      vertex  0.000000e+000 -1.137632e+001  5.179695e+000
      vertex -4.500000e+001 -1.137632e+001  5.179695e+000
      vertex  0.000000e+000 -1.150290e+001  4.892171e+000
    endloop
  endfacet
  facet normal  0.000000e+000 -9.152409e-001  4.029069e-001
    outer loop
      vertex  0.000000e+000 -1.150290e+001  4.892171e+000
      vertex -4.500000e+001 -1.137632e+001  5.179695e+000
      vertex -4.500000e+001 -1.150290e+001  4.892171e+000
    endloop
  endfacet
  facet normal  0.000000e+000 -9.250779e-001  3.797776e-001
    outer loop
      vertex  0.000000e+000 -1.150290e+001  4.892171e+000
      vertex -4.500000e+001 -1.150290e+001  4.892171e+000
      vertex  0.000000e+000 -1.162221e+001  4.601557e+000
    endloop
  endfacet
  facet normal  0.000000e+000 -9.250779e-001  3.797776e-001
    outer loop
      vertex  0.000000e+000 -1.162221e+001  4.601557e+000
      vertex -4.500000e+001 -1.150290e+001  4.892171e+000
      vertex -4.500000e+001 -1.162221e+001  4.601557e+000
    endloop
  endfacet
  facet normal  0.000000e+000 -9.343291e-001  3.564116e-001
    outer loop
      vertex  0.000000e+000 -1.162221e+001  4.601557e+000
      vertex -4.500000e+001 -1.162221e+001  4.601557e+000
      vertex  0.000000e+000 -1.173417e+001  4.308036e+000
    endloop
  endfacet
  facet normal  0.000000e+000 -9.343291e-001  3.564116e-001
    outer loop
      vertex  0.000000e+000 -1.173417e+001  4.308036e+000
      vertex -4.500000e+001 -1.162221e+001  4.601557e+000
      vertex -4.500000e+001 -1.173417e+001  4.308036e+000
    endloop
  endfacet
  facet normal  0.000000e+000 -9.429901e-001  3.328211e-001
    outer loop
      vertex  0.000000e+000 -1.173417e+001  4.308036e+000
      vertex -4.500000e+001 -1.173417e+001  4.308036e+000
      vertex  0.000000e+000 -1.183873e+001  4.011795e+000
    endloop
  endfacet
  facet normal  0.000000e+000 -9.429901e-001  3.328211e-001
    outer loop
      vertex  0.000000e+000 -1.183873e+001  4.011795e+000
      vertex -4.500000e+001 -1.173417e+001  4.308036e+000
      vertex -4.500000e+001 -1.183873e+001  4.011795e+000
    endloop
  endfacet
  facet normal  0.000000e+000 -9.510562e-001  3.090181e-001
    outer loop
      vertex  0.000000e+000 -1.183873e+001  4.011795e+000
      vertex -4.500000e+001 -1.183873e+001  4.011795e+000
      vertex  0.000000e+000 -1.193581e+001  3.713020e+000
    endloop
  endfacet
  facet normal  0.000000e+000 -9.510562e-001  3.090181e-001
    outer loop
      vertex  0.000000e+000 -1.193581e+001  3.713020e+000
      vertex -4.500000e+001 -1.183873e+001  4.011795e+000
      vertex -4.500000e+001 -1.193581e+001  3.713020e+000
    endloop
  endfacet
  facet normal  0.000000e+000 -9.585223e-001  2.850176e-001
    outer loop
      vertex  0.000000e+000 -1.193581e+001  3.713020e+000
      vertex -4.500000e+001 -1.193581e+001  3.713020e+000
      vertex  0.000000e+000 -1.202535e+001  3.411899e+000
    endloop
  endfacet
  facet normal  0.000000e+000 -9.585223e-001  2.850176e-001
    outer loop
      vertex  0.000000e+000 -1.202535e+001  3.411899e+000
      vertex -4.500000e+001 -1.193581e+001  3.713020e+000
      vertex -4.500000e+001 -1.202535e+001  3.411899e+000
    endloop
  endfacet
  facet normal  0.000000e+000 -9.653817e-001  2.608412e-001
    outer loop
      vertex  0.000000e+000 -1.202535e+001  3.411899e+000
      vertex -4.500000e+001 -1.202535e+001  3.411899e+000
      vertex  0.000000e+000 -1.210729e+001  3.108624e+000
    endloop
  endfacet
  facet normal  0.000000e+000 -9.653817e-001  2.608412e-001
    outer loop
      vertex  0.000000e+000 -1.210729e+001  3.108624e+000
      vertex -4.500000e+001 -1.202535e+001  3.411899e+000
      vertex -4.500000e+001 -1.210729e+001  3.108624e+000
    endloop
  endfacet
  facet normal  0.000000e+000 -9.716313e-001  2.365008e-001
    outer loop
      vertex  0.000000e+000 -1.210729e+001  3.108624e+000
      vertex -4.500000e+001 -1.210729e+001  3.108624e+000
      vertex  0.000000e+000 -1.218159e+001  2.803385e+000
    endloop
  endfacet
  facet normal  0.000000e+000 -9.716313e-001  2.365008e-001
    outer loop
      vertex  0.000000e+000 -1.218159e+001  2.803385e+000
      vertex -4.500000e+001 -1.210729e+001  3.108624e+000
      vertex -4.500000e+001 -1.218159e+001  2.803385e+000
    endloop
  endfacet
  facet normal  0.000000e+000 -9.772685e-001  2.120057e-001
    outer loop
      vertex  0.000000e+000 -1.218159e+001  2.803385e+000
      vertex -4.500000e+001 -1.218159e+001  2.803385e+000
      vertex  0.000000e+000 -1.224819e+001  2.496375e+000
    endloop
  endfacet
  facet normal  0.000000e+000 -9.772685e-001  2.120057e-001
    outer loop
      vertex  0.000000e+000 -1.224819e+001  2.496375e+000
      vertex -4.500000e+001 -1.218159e+001  2.803385e+000
      vertex -4.500000e+001 -1.224819e+001  2.496375e+000
    endloop
  endfacet
  facet normal  0.000000e+000 -9.822869e-001  1.873827e-001
    outer loop
      vertex  0.000000e+000 -1.224819e+001  2.496375e+000
      vertex -4.500000e+001 -1.224819e+001  2.496375e+000
      vertex  0.000000e+000 -1.230705e+001  2.187788e+000
    endloop
  endfacet
  facet normal  0.000000e+000 -9.822869e-001  1.873827e-001
    outer loop
      vertex  0.000000e+000 -1.230705e+001  2.187788e+000
      vertex -4.500000e+001 -1.224819e+001  2.496375e+000
      vertex -4.500000e+001 -1.230705e+001  2.187788e+000
    endloop
  endfacet
  facet normal  0.000000e+000 -9.866862e-001  1.626357e-001
    outer loop
      vertex  0.000000e+000 -1.230705e+001  2.187788e+000
      vertex -4.500000e+001 -1.230705e+001  2.187788e+000
      vertex  0.000000e+000 -1.235815e+001  1.877820e+000
    endloop
  endfacet
  facet normal  0.000000e+000 -9.866862e-001  1.626357e-001
    outer loop
      vertex  0.000000e+000 -1.235815e+001  1.877820e+000
      vertex -4.500000e+001 -1.230705e+001  2.187788e+000
      vertex -4.500000e+001 -1.235815e+001  1.877820e+000
    endloop
  endfacet
  facet normal  0.000000e+000 -9.904613e-001  1.377913e-001
    outer loop
      vertex  0.000000e+000 -1.235815e+001  1.877820e+000
      vertex -4.500000e+001 -1.235815e+001  1.877820e+000
      vertex  0.000000e+000 -1.240143e+001  1.566665e+000
    endloop
  endfacet
  facet normal  0.000000e+000 -9.904613e-001  1.377913e-001
    outer loop
      vertex  0.000000e+000 -1.240143e+001  1.566665e+000
      vertex -4.500000e+001 -1.235815e+001  1.877820e+000
      vertex -4.500000e+001 -1.240143e+001  1.566665e+000
    endloop
  endfacet
  facet normal  0.000000e+000 -9.936113e-001  1.128559e-001
    outer loop
      vertex  0.000000e+000 -1.240143e+001  1.566665e+000
      vertex -4.500000e+001 -1.240143e+001  1.566665e+000
      vertex  0.000000e+000 -1.243689e+001  1.254521e+000
    endloop
  endfacet
  facet normal  0.000000e+000 -9.936113e-001  1.128559e-001
    outer loop
      vertex  0.000000e+000 -1.243689e+001  1.254521e+000
      vertex -4.500000e+001 -1.240143e+001  1.566665e+000
      vertex -4.500000e+001 -1.243689e+001  1.254521e+000
    endloop
  endfacet
  facet normal  0.000000e+000 -9.961337e-001  8.785067e-002
    outer loop
      vertex  0.000000e+000 -1.243689e+001  1.254521e+000
      vertex -4.500000e+001 -1.243689e+001  1.254521e+000
      vertex  0.000000e+000 -1.246449e+001  9.415851e-001
    endloop
  endfacet
  facet normal  0.000000e+000 -9.961337e-001  8.785067e-002
    outer loop
      vertex  0.000000e+000 -1.246449e+001  9.415851e-001
      vertex -4.500000e+001 -1.243689e+001  1.254521e+000
      vertex -4.500000e+001 -1.246449e+001  9.415851e-001
    endloop
  endfacet
  facet normal  0.000000e+000 -9.980267e-001  6.279083e-002
    outer loop
      vertex  0.000000e+000 -1.246449e+001  9.415851e-001
      vertex -4.500000e+001 -1.246449e+001  9.415851e-001
      vertex  0.000000e+000 -1.248421e+001  6.280540e-001
    endloop
  endfacet
  facet normal  0.000000e+000 -9.980267e-001  6.279083e-002
    outer loop
      vertex  0.000000e+000 -1.248421e+001  6.280540e-001
      vertex -4.500000e+001 -1.246449e+001  9.415851e-001
      vertex -4.500000e+001 -1.248421e+001  6.280540e-001
    endloop
  endfacet
  facet normal  0.000000e+000 -9.992895e-001  3.769149e-002
    outer loop
      vertex  0.000000e+000 -1.248421e+001  6.280540e-001
      vertex -4.500000e+001 -1.248421e+001  6.280540e-001
      vertex  0.000000e+000 -1.249605e+001  3.141262e-001
    endloop
  endfacet
  facet normal  0.000000e+000 -9.992895e-001  3.769149e-002
    outer loop
      vertex  0.000000e+000 -1.249605e+001  3.141262e-001
      vertex -4.500000e+001 -1.248421e+001  6.280540e-001
      vertex -4.500000e+001 -1.249605e+001  3.141262e-001
    endloop
  endfacet
  facet normal  0.000000e+000 -9.999211e-001  1.256484e-002
    outer loop
      vertex  0.000000e+000 -1.249605e+001  3.141262e-001
      vertex -4.500000e+001 -1.249605e+001  3.141262e-001
      vertex  0.000000e+000 -1.250000e+001  0.000000e+000
    endloop
  endfacet
  facet normal -8.548327e-019 -9.999211e-001  1.256484e-002
    outer loop
      vertex  0.000000e+000 -1.250000e+001  0.000000e+000
      vertex -4.500000e+001 -1.249605e+001  3.141262e-001
      vertex -4.500000e+001 -1.250000e+001 -3.061516e-015
    endloop
  endfacet
  facet normal -6.246650e-001  7.808313e-001  9.811796e-003
    outer loop
      vertex -4.500000e+001  1.249605e+001  3.141262e-001
      vertex -4.500000e+001  1.250000e+001  1.530758e-015
      vertex -6.000000e+001  5.000000e-001 -7.693928e-007
    endloop
  endfacet
  facet normal -6.246650e-001 -7.734442e-001  1.076002e-001
    outer loop
      vertex -4.500000e+001 -1.240143e+001  1.566665e+000
      vertex -4.500000e+001 -1.235815e+001  1.877820e+000
      vertex -6.000000e+001 -4.960574e-001  6.266665e-002
    endloop
  endfacet
  facet normal -6.246650e-001 -7.759040e-001  8.812840e-002
    outer loop
      vertex -6.000000e+001 -4.960574e-001  6.266665e-002
      vertex -4.500000e+001 -1.243689e+001  1.254521e+000
      vertex -4.500000e+001 -1.240143e+001  1.566665e+000
    endloop
  endfacet
  facet normal -6.246750e-001 -7.704883e-001  1.269998e-001
    outer loop
      vertex -4.500000e+001 -1.230705e+001  2.187788e+000
      vertex -6.000000e+001 -4.960574e-001  6.266665e-002
      vertex -4.500000e+001 -1.235815e+001  1.877820e+000
    endloop
  endfacet
  facet normal -6.246750e-001 -7.484956e-001  2.225659e-001
    outer loop
      vertex -4.500000e+001 -1.202535e+001  3.411899e+000
      vertex -4.500000e+001 -1.193581e+001  3.713020e+000
      vertex -6.000000e+001 -4.842916e-001  1.243450e-001
    endloop
  endfacet
  facet normal -6.246649e-001 -7.538597e-001  2.036890e-001
    outer loop
      vertex -4.500000e+001 -1.210729e+001  3.108624e+000
      vertex -4.500000e+001 -1.202535e+001  3.411899e+000
      vertex -6.000000e+001 -4.842916e-001  1.243450e-001
    endloop
  endfacet
  facet normal -6.246950e-001 -7.670373e-001  1.463213e-001
    outer loop
      vertex -4.500000e+001 -1.230705e+001  2.187788e+000
      vertex -4.500000e+001 -1.224819e+001  2.496375e+000
      vertex -6.000000e+001 -4.960574e-001  6.266665e-002
    endloop
  endfacet
  facet normal -6.246950e-001 -7.426501e-001  2.413026e-001
    outer loop
      vertex -4.500000e+001 -1.193581e+001  3.713020e+000
      vertex -4.500000e+001 -1.183873e+001  4.011795e+000
      vertex -6.000000e+001 -4.842916e-001  1.243450e-001
    endloop
  endfacet
  facet normal -6.246650e-001 -5.624834e-001  5.416698e-001
    outer loop
      vertex -4.500000e+001 -9.112108e+000  8.556839e+000
      vertex -4.500000e+001 -8.894196e+000  8.783125e+000
      vertex -6.000000e+001 -3.644842e-001  3.422737e-001
    endloop
  endfacet
  facet normal -6.246650e-001 -5.759189e-001  5.273624e-001
    outer loop
      vertex -6.000000e+001 -3.644842e-001  3.422737e-001
      vertex -4.500000e+001 -9.324265e+000  8.325149e+000
      vertex -4.500000e+001 -9.112108e+000  8.556839e+000
    endloop
  endfacet
  facet normal -6.246750e-001 -5.486888e-001  5.556273e-001
    outer loop
      vertex -4.500000e+001 -8.670667e+000  9.003862e+000
      vertex -6.000000e+001 -3.644842e-001  3.422737e-001
      vertex -4.500000e+001 -8.894196e+000  8.783125e+000
    endloop
  endfacet
  facet normal -6.246750e-001 -4.747233e-001  6.200153e-001
    outer loop
      vertex -4.500000e+001 -7.723245e+000  9.828606e+000
      vertex -4.500000e+001 -7.473812e+000  1.001959e+001
      vertex -6.000000e+001 -3.187118e-001  3.852568e-001
    endloop
  endfacet
  facet normal -6.246650e-001 -4.901605e-001  6.078950e-001
    outer loop
      vertex -4.500000e+001 -7.967800e+000  9.631415e+000
      vertex -4.500000e+001 -7.723245e+000  9.828606e+000
      vertex -6.000000e+001 -3.187118e-001  3.852568e-001
    endloop
  endfacet
  facet normal -6.246950e-001 -5.345415e-001  5.692289e-001
    outer loop
      vertex -4.500000e+001 -8.670667e+000  9.003862e+000
      vertex -4.500000e+001 -8.441660e+000  9.218914e+000
      vertex -6.000000e+001 -3.644842e-001  3.422737e-001
    endloop
  endfacet
  facet normal -6.246951e-001 -4.589834e-001  6.317360e-001
    outer loop
      vertex -4.500000e+001 -7.473812e+000  1.001959e+001
      vertex -4.500000e+001 -7.219659e+000  1.020424e+001
      vertex -6.000000e+001 -3.187118e-001  3.852568e-001
    endloop
  endfacet
  facet normal -6.246650e-001 -1.366753e-001  7.688391e-001
    outer loop
      vertex -4.500000e+001 -2.342266e+000  1.227859e+001
      vertex -4.500000e+001 -2.032964e+000  1.233357e+001
      vertex -6.000000e+001 -9.369033e-002  4.911437e-001
    endloop
  endfacet
  facet normal -6.246650e-001 -1.559505e-001  7.651622e-001
    outer loop
      vertex -6.000000e+001 -9.369033e-002  4.911437e-001
      vertex -4.500000e+001 -2.650089e+000  1.221585e+001
      vertex -4.500000e+001 -2.342266e+000  1.227859e+001
    endloop
  endfacet
  facet normal -6.246750e-001 -1.173089e-001  7.720231e-001
    outer loop
      vertex -4.500000e+001 -1.722379e+000  1.238077e+001
      vertex -6.000000e+001 -9.369033e-002  4.911437e-001
      vertex -4.500000e+001 -2.032964e+000  1.233357e+001
    endloop
  endfacet
  facet normal -6.246750e-001 -1.962339e-002  7.806382e-001
    outer loop
      vertex -4.500000e+001 -4.711273e-001  1.249112e+001
      vertex -4.500000e+001 -1.570755e-001  1.249901e+001
      vertex -6.000000e+001 -3.139489e-002  4.990134e-001
    endloop
  endfacet
  facet normal -6.246650e-001 -3.923533e-002  7.799066e-001
    outer loop
      vertex -4.500000e+001 -7.848815e-001  1.247533e+001
      vertex -4.500000e+001 -4.711273e-001  1.249112e+001
      vertex -6.000000e+001 -3.139489e-002  4.990134e-001
    endloop
  endfacet
  facet normal -6.246950e-001 -9.786844e-002  7.747115e-001
    outer loop
      vertex -4.500000e+001 -1.722379e+000  1.238077e+001
      vertex -4.500000e+001 -1.410705e+000  1.242014e+001
      vertex -6.000000e+001 -9.369033e-002  4.911437e-001
    endloop
  endfacet
  facet normal -6.246950e-001  0.000000e+000  7.808688e-001
    outer loop
      vertex -4.500000e+001 -1.570755e-001  1.249901e+001
      vertex -4.500000e+001  1.570755e-001  1.249901e+001
      vertex -6.000000e+001 -3.139489e-002  4.990134e-001
    endloop
  endfacet
  facet normal -6.246650e-001  3.413411e-001  7.023389e-001
    outer loop
      vertex -4.500000e+001  5.322241e+000  1.131034e+001
      vertex -4.500000e+001  5.604790e+000  1.117302e+001
      vertex -6.000000e+001  2.128901e-001  4.524133e-001
    endloop
  endfacet
  facet normal -6.246649e-001  3.235826e-001  7.106953e-001
    outer loop
      vertex -6.000000e+001  2.128901e-001  4.524133e-001
      vertex -4.500000e+001  5.036330e+000  1.144051e+001
      vertex -4.500000e+001  5.322241e+000  1.131034e+001
    endloop
  endfacet
  facet normal -6.246749e-001  3.588776e-001  6.935329e-001
    outer loop
      vertex -4.500000e+001  5.883799e+000  1.102864e+001
      vertex -6.000000e+001  2.128901e-001  4.524133e-001
      vertex -4.500000e+001  5.604790e+000  1.117302e+001
    endloop
  endfacet
  facet normal -6.246750e-001  4.429720e-001  6.430840e-001
    outer loop
      vertex -4.500000e+001  6.960945e+000  1.038245e+001
      vertex -4.500000e+001  7.219659e+000  1.020424e+001
      vertex -6.000000e+001  2.679138e-001  4.221637e-001
    endloop
  endfacet
  facet normal -6.246649e-001  4.266749e-001  6.540200e-001
    outer loop
      vertex -4.500000e+001  6.697835e+000  1.055410e+001
      vertex -4.500000e+001  6.960945e+000  1.038245e+001
      vertex -6.000000e+001  2.679138e-001  4.221637e-001
    endloop
  endfacet
  facet normal -6.246950e-001  3.761860e-001  6.842808e-001
    outer loop
      vertex -4.500000e+001  5.883799e+000  1.102864e+001
      vertex -4.500000e+001  6.159092e+000  1.087730e+001
      vertex -6.000000e+001  2.128901e-001  4.524133e-001
    endloop
  endfacet
  facet normal -6.246951e-001  4.589834e-001  6.317360e-001
    outer loop
      vertex -4.500000e+001  7.219659e+000  1.020424e+001
      vertex -4.500000e+001  7.473812e+000  1.001959e+001
      vertex -6.000000e+001  2.679138e-001  4.221637e-001
    endloop
  endfacet
  facet normal -6.246650e-001  6.889753e-001  3.675687e-001
    outer loop
      vertex -4.500000e+001  1.095383e+001  6.021921e+000
      vertex -4.500000e+001  1.110171e+001  5.744748e+000
      vertex -6.000000e+001  4.381537e-001  2.408763e-001
    endloop
  endfacet
  facet normal -6.246650e-001  6.795200e-001  3.847677e-001
    outer loop
      vertex -6.000000e+001  4.381537e-001  2.408763e-001
      vertex -4.500000e+001  1.079904e+001  6.295290e+000
      vertex -4.500000e+001  1.095383e+001  6.021921e+000
    endloop
  endfacet
  facet normal -6.246750e-001  6.979865e-001  3.501370e-001
    outer loop
      vertex -4.500000e+001  1.124257e+001  5.463947e+000
      vertex -6.000000e+001  4.381537e-001  2.408763e-001
      vertex -4.500000e+001  1.110171e+001  5.744748e+000
    endloop
  endfacet
  facet normal -6.246750e-001  7.363666e-001  2.598949e-001
    outer loop
      vertex -4.500000e+001  1.173417e+001  4.308036e+000
      vertex -4.500000e+001  1.183873e+001  4.011795e+000
      vertex -6.000000e+001  4.648885e-001  1.840616e-001
    endloop
  endfacet
  facet normal -6.246650e-001  7.296109e-001  2.783193e-001
    outer loop
      vertex -4.500000e+001  1.162221e+001  4.601557e+000
      vertex -4.500000e+001  1.173417e+001  4.308036e+000
      vertex -6.000000e+001  4.648885e-001  1.840616e-001
    endloop
  endfacet
  facet normal -6.246951e-001  7.065518e-001  3.324766e-001
    outer loop
      vertex -4.500000e+001  1.124257e+001  5.463947e+000
      vertex -4.500000e+001  1.137632e+001  5.179695e+000
      vertex -6.000000e+001  4.381537e-001  2.408763e-001
    endloop
  endfacet
  facet normal -6.246951e-001  7.426501e-001  2.413026e-001
    outer loop
      vertex -4.500000e+001  1.183873e+001  4.011795e+000
      vertex -4.500000e+001  1.193581e+001  3.713020e+000
      vertex -6.000000e+001  4.648885e-001  1.840616e-001
    endloop
  endfacet
  facet normal -6.246951e-001 -7.426504e-001  2.413017e-001
    outer loop
      vertex -6.000000e+001 -4.648882e-001  1.840624e-001
      vertex -6.000000e+001 -4.842916e-001  1.243450e-001
      vertex -4.500000e+001 -1.183873e+001  4.011795e+000
    endloop
  endfacet
  facet normal -6.246750e-001 -7.363666e-001  2.598949e-001
    outer loop
      vertex -6.000000e+001 -4.648882e-001  1.840624e-001
      vertex -4.500000e+001 -1.183873e+001  4.011795e+000
      vertex -4.500000e+001 -1.173417e+001  4.308036e+000
    endloop
  endfacet
  facet normal -6.246650e-001 -7.296109e-001  2.783193e-001
    outer loop
      vertex -6.000000e+001 -4.648882e-001  1.840624e-001
      vertex -4.500000e+001 -1.173417e+001  4.308036e+000
      vertex -4.500000e+001 -1.162221e+001  4.601557e+000
    endloop
  endfacet
  facet normal -6.246650e-001 -7.223867e-001  2.965657e-001
    outer loop
      vertex -6.000000e+001 -4.648882e-001  1.840624e-001
      vertex -4.500000e+001 -1.162221e+001  4.601557e+000
      vertex -4.500000e+001 -1.150290e+001  4.892171e+000
    endloop
  endfacet
  facet normal -6.246750e-001 -7.146978e-001  3.146239e-001
    outer loop
      vertex -6.000000e+001 -4.648882e-001  1.840624e-001
      vertex -4.500000e+001 -1.150290e+001  4.892171e+000
      vertex -4.500000e+001 -1.137632e+001  5.179695e+000
    endloop
  endfacet
  facet normal -6.246950e-001 -7.065518e-001  3.324766e-001
    outer loop
      vertex -6.000000e+001 -4.648882e-001  1.840624e-001
      vertex -4.500000e+001 -1.137632e+001  5.179695e+000
      vertex -4.500000e+001 -1.124257e+001  5.463947e+000
    endloop
  endfacet
  facet normal -6.247251e-001 -6.979507e-001  3.501191e-001
    outer loop
      vertex -6.000000e+001 -4.648882e-001  1.840624e-001
      vertex -4.500000e+001 -1.124257e+001  5.463947e+000
      vertex -4.500000e+001 -1.110171e+001  5.744748e+000
    endloop
  endfacet
  facet normal -6.244444e-001 -7.067309e-001  3.325667e-001
    outer loop
      vertex -6.000000e+001 -4.648882e-001  1.840624e-001
      vertex -4.500000e+001 -1.110171e+001  5.744748e+000
      vertex -6.000000e+001 -4.381533e-001  2.408769e-001
    endloop
  endfacet
  facet normal -6.246650e-001 -6.889753e-001  3.675687e-001
    outer loop
      vertex -6.000000e+001 -4.381533e-001  2.408769e-001
      vertex -4.500000e+001 -1.110171e+001  5.744748e+000
      vertex -4.500000e+001 -1.095383e+001  6.021921e+000
    endloop
  endfacet
  facet normal -6.246650e-001 -6.795200e-001  3.847677e-001
    outer loop
      vertex -6.000000e+001 -4.381533e-001  2.408769e-001
      vertex -4.500000e+001 -1.095383e+001  6.021921e+000
      vertex -4.500000e+001 -1.079904e+001  6.295290e+000
    endloop
  endfacet
  facet normal -6.246750e-001 -6.696298e-001  4.017177e-001
    outer loop
      vertex -6.000000e+001 -4.381533e-001  2.408769e-001
      vertex -4.500000e+001 -1.079904e+001  6.295290e+000
      vertex -4.500000e+001 -1.063743e+001  6.564683e+000
    endloop
  endfacet
  facet normal -6.246951e-001 -6.593097e-001  4.184099e-001
    outer loop
      vertex -6.000000e+001 -4.381533e-001  2.408769e-001
      vertex -4.500000e+001 -1.063743e+001  6.564683e+000
      vertex -4.500000e+001 -1.046910e+001  6.829929e+000
    endloop
  endfacet
  facet normal -6.247250e-001 -6.485654e-001  4.348350e-001
    outer loop
      vertex -6.000000e+001 -4.381533e-001  2.408769e-001
      vertex -4.500000e+001 -1.046910e+001  6.829929e+000
      vertex -4.500000e+001 -1.029416e+001  7.090862e+000
    endloop
  endfacet
  facet normal -6.244442e-001 -6.594793e-001  4.185168e-001
    outer loop
      vertex -6.000000e+001 -4.381533e-001  2.408769e-001
      vertex -4.500000e+001 -1.029416e+001  7.090862e+000
      vertex -6.000000e+001 -4.045084e-001  2.938927e-001
    endloop
  endfacet
  facet normal -6.246951e-001 -4.589828e-001  6.317364e-001
    outer loop
      vertex -6.000000e+001 -2.679132e-001  4.221641e-001
      vertex -6.000000e+001 -3.187118e-001  3.852568e-001
      vertex -4.500000e+001 -7.219659e+000  1.020424e+001
    endloop
  endfacet
  facet normal -6.246750e-001 -4.429720e-001  6.430840e-001
    outer loop
      vertex -6.000000e+001 -2.679132e-001  4.221641e-001
      vertex -4.500000e+001 -7.219659e+000  1.020424e+001
      vertex -4.500000e+001 -6.960945e+000  1.038245e+001
    endloop
  endfacet
  facet normal -6.246650e-001 -4.266749e-001  6.540200e-001
    outer loop
      vertex -6.000000e+001 -2.679132e-001  4.221641e-001
      vertex -4.500000e+001 -6.960945e+000  1.038245e+001
      vertex -4.500000e+001 -6.697835e+000  1.055410e+001
    endloop
  endfacet
  facet normal -6.246650e-001 -4.101045e-001  6.645359e-001
    outer loop
      vertex -6.000000e+001 -2.679132e-001  4.221641e-001
      vertex -4.500000e+001 -6.697835e+000  1.055410e+001
      vertex -4.500000e+001 -6.430494e+000  1.071908e+001
    endloop
  endfacet
  facet normal -6.246750e-001 -3.932733e-001  6.746238e-001
    outer loop
      vertex -6.000000e+001 -2.679132e-001  4.221641e-001
      vertex -4.500000e+001 -6.430494e+000  1.071908e+001
      vertex -4.500000e+001 -6.159092e+000  1.087730e+001
    endloop
  endfacet
  facet normal -6.246951e-001 -3.761860e-001  6.842808e-001
    outer loop
      vertex -6.000000e+001 -2.679132e-001  4.221641e-001
      vertex -4.500000e+001 -6.159092e+000  1.087730e+001
      vertex -4.500000e+001 -5.883799e+000  1.102864e+001
    endloop
  endfacet
  facet normal -6.247251e-001 -3.588592e-001  6.934974e-001
    outer loop
      vertex -6.000000e+001 -2.679132e-001  4.221641e-001
      vertex -4.500000e+001 -5.883799e+000  1.102864e+001
      vertex -4.500000e+001 -5.604790e+000  1.117302e+001
    endloop
  endfacet
  facet normal -6.244444e-001 -3.762812e-001  6.844572e-001
    outer loop
      vertex -6.000000e+001 -2.679132e-001  4.221641e-001
      vertex -4.500000e+001 -5.604790e+000  1.117302e+001
      vertex -6.000000e+001 -2.128894e-001  4.524136e-001
    endloop
  endfacet
  facet normal -6.246649e-001 -3.413410e-001  7.023389e-001
    outer loop
      vertex -6.000000e+001 -2.128894e-001  4.524136e-001
      vertex -4.500000e+001 -5.604790e+000  1.117302e+001
      vertex -4.500000e+001 -5.322241e+000  1.131034e+001
    endloop
  endfacet
  facet normal -6.246650e-001 -3.235826e-001  7.106953e-001
    outer loop
      vertex -6.000000e+001 -2.128894e-001  4.524136e-001
      vertex -4.500000e+001 -5.322241e+000  1.131034e+001
      vertex -4.500000e+001 -5.036330e+000  1.144051e+001
    endloop
  endfacet
  facet normal -6.246750e-001 -3.056182e-001  7.185949e-001
    outer loop
      vertex -6.000000e+001 -2.128894e-001  4.524136e-001
      vertex -4.500000e+001 -5.036330e+000  1.144051e+001
      vertex -4.500000e+001 -4.747239e+000  1.156347e+001
    endloop
  endfacet
  facet normal -6.246950e-001 -2.874565e-001  7.260336e-001
    outer loop
      vertex -6.000000e+001 -2.128894e-001  4.524136e-001
      vertex -4.500000e+001 -4.747239e+000  1.156347e+001
      vertex -4.500000e+001 -4.455149e+000  1.167911e+001
    endloop
  endfacet
  facet normal -6.247251e-001 -2.691142e-001  7.330049e-001
    outer loop
      vertex -6.000000e+001 -2.128894e-001  4.524136e-001
      vertex -4.500000e+001 -4.455149e+000  1.167911e+001
      vertex -4.500000e+001 -4.160244e+000  1.178738e+001
    endloop
  endfacet
  facet normal -6.244443e-001 -2.875347e-001  7.262184e-001
    outer loop
      vertex -6.000000e+001 -2.128894e-001  4.524136e-001
      vertex -4.500000e+001 -4.160244e+000  1.178738e+001
      vertex -6.000000e+001 -1.545082e-001  4.755284e-001
    endloop
  endfacet
  facet normal -6.246951e-001  7.412486e-007  7.808688e-001
    outer loop
      vertex -6.000000e+001  3.139566e-002  4.990133e-001
      vertex -6.000000e+001 -3.139489e-002  4.990134e-001
      vertex -4.500000e+001  1.570755e-001  1.249901e+001
    endloop
  endfacet
  facet normal -6.246750e-001  1.962339e-002  7.806382e-001
    outer loop
      vertex -6.000000e+001  3.139566e-002  4.990133e-001
      vertex -4.500000e+001  1.570755e-001  1.249901e+001
      vertex -4.500000e+001  4.711273e-001  1.249112e+001
    endloop
  endfacet
  facet normal -6.246650e-001  3.923533e-002  7.799066e-001
    outer loop
      vertex -6.000000e+001  3.139566e-002  4.990133e-001
      vertex -4.500000e+001  4.711273e-001  1.249112e+001
      vertex -4.500000e+001  7.848815e-001  1.247533e+001
    endloop
  endfacet
  facet normal -6.246650e-001  5.882335e-002  7.786742e-001
    outer loop
      vertex -6.000000e+001  3.139566e-002  4.990133e-001
      vertex -4.500000e+001  7.848815e-001  1.247533e+001
      vertex -4.500000e+001  1.098140e+000  1.245167e+001
    endloop
  endfacet
  facet normal -6.246750e-001  7.837030e-002  7.769422e-001
    outer loop
      vertex -6.000000e+001  3.139566e-002  4.990133e-001
      vertex -4.500000e+001  1.098140e+000  1.245167e+001
      vertex -4.500000e+001  1.410705e+000  1.242014e+001
    endloop
  endfacet
  facet normal -6.246951e-001  9.786844e-002  7.747115e-001
    outer loop
      vertex -6.000000e+001  3.139566e-002  4.990133e-001
      vertex -4.500000e+001  1.410705e+000  1.242014e+001
      vertex -4.500000e+001  1.722379e+000  1.238077e+001
    endloop
  endfacet
  facet normal -6.247251e-001  1.173029e-001  7.719836e-001
    outer loop
      vertex -6.000000e+001  3.139566e-002  4.990133e-001
      vertex -4.500000e+001  1.722379e+000  1.238077e+001
      vertex -4.500000e+001  2.032964e+000  1.233357e+001
    endloop
  endfacet
  facet normal -6.244443e-001  9.789365e-002  7.749103e-001
    outer loop
      vertex -6.000000e+001  3.139566e-002  4.990133e-001
      vertex -4.500000e+001  2.032964e+000  1.233357e+001
      vertex -6.000000e+001  9.369108e-002  4.911436e-001
    endloop
  endfacet
  facet normal -6.246650e-001  1.366753e-001  7.688391e-001
    outer loop
      vertex -6.000000e+001  9.369108e-002  4.911436e-001
      vertex -4.500000e+001  2.032964e+000  1.233357e+001
      vertex -4.500000e+001  2.342266e+000  1.227859e+001
    endloop
  endfacet
  facet normal -6.246650e-001  1.559505e-001  7.651622e-001
    outer loop
      vertex -6.000000e+001  9.369108e-002  4.911436e-001
      vertex -4.500000e+001  2.342266e+000  1.227859e+001
      vertex -4.500000e+001  2.650089e+000  1.221585e+001
    endloop
  endfacet
  facet normal -6.246750e-001  1.751311e-001  7.609929e-001
    outer loop
      vertex -6.000000e+001  9.369108e-002  4.911436e-001
      vertex -4.500000e+001  2.650089e+000  1.221585e+001
      vertex -4.500000e+001  2.956238e+000  1.214540e+001
    endloop
  endfacet
  facet normal -6.246950e-001  1.941937e-001  7.563365e-001
    outer loop
      vertex -6.000000e+001  9.369108e-002  4.911436e-001
      vertex -4.500000e+001  2.956238e+000  1.214540e+001
      vertex -4.500000e+001  3.260519e+000  1.206727e+001
    endloop
  endfacet
  facet normal -6.247251e-001  2.131321e-001  7.511945e-001
    outer loop
      vertex -6.000000e+001  9.369108e-002  4.911436e-001
      vertex -4.500000e+001  3.260519e+000  1.206727e+001
      vertex -4.500000e+001  3.562741e+000  1.198152e+001
    endloop
  endfacet
  facet normal -6.244444e-001  1.942455e-001  7.565302e-001
    outer loop
      vertex -6.000000e+001  9.369108e-002  4.911436e-001
      vertex -4.500000e+001  3.562741e+000  1.198152e+001
      vertex -6.000000e+001  1.545089e-001  4.755281e-001
    endloop
  endfacet
  facet normal -6.246950e-001  4.589841e-001  6.317354e-001
    outer loop
      vertex -6.000000e+001  3.187124e-001  3.852563e-001
      vertex -6.000000e+001  2.679138e-001  4.221637e-001
      vertex -4.500000e+001  7.473812e+000  1.001959e+001
    endloop
  endfacet
  facet normal -6.246750e-001  4.747233e-001  6.200153e-001
    outer loop
      vertex -6.000000e+001  3.187124e-001  3.852563e-001
      vertex -4.500000e+001  7.473812e+000  1.001959e+001
      vertex -4.500000e+001  7.723245e+000  9.828606e+000
    endloop
  endfacet
  facet normal -6.246650e-001  4.901605e-001  6.078950e-001
    outer loop
      vertex -6.000000e+001  3.187124e-001  3.852563e-001
      vertex -4.500000e+001  7.723245e+000  9.828606e+000
      vertex -4.500000e+001  7.967800e+000  9.631415e+000
    endloop
  endfacet
  facet normal -6.246650e-001  5.052803e-001  5.953869e-001
    outer loop
      vertex -6.000000e+001  3.187124e-001  3.852563e-001
      vertex -4.500000e+001  7.967800e+000  9.631415e+000
      vertex -4.500000e+001  8.207322e+000  9.428143e+000
    endloop
  endfacet
  facet normal -6.246750e-001  5.200793e-001  5.824935e-001
    outer loop
      vertex -6.000000e+001  3.187124e-001  3.852563e-001
      vertex -4.500000e+001  8.207322e+000  9.428143e+000
      vertex -4.500000e+001  8.441660e+000  9.218914e+000
    endloop
  endfacet
  facet normal -6.246951e-001  5.345415e-001  5.692289e-001
    outer loop
      vertex -6.000000e+001  3.187124e-001  3.852563e-001
      vertex -4.500000e+001  8.441660e+000  9.218914e+000
      vertex -4.500000e+001  8.670667e+000  9.003862e+000
    endloop
  endfacet
  facet normal -6.247250e-001  5.486606e-001  5.555989e-001
    outer loop
      vertex -6.000000e+001  3.187124e-001  3.852563e-001
      vertex -4.500000e+001  8.670667e+000  9.003862e+000
      vertex -4.500000e+001  8.894196e+000  8.783125e+000
    endloop
  endfacet
  facet normal -6.244443e-001  5.346772e-001  5.693765e-001
    outer loop
      vertex -6.000000e+001  3.187124e-001  3.852563e-001
      vertex -4.500000e+001  8.894196e+000  8.783125e+000
      vertex -6.000000e+001  3.644847e-001  3.422731e-001
    endloop
  endfacet
  facet normal -6.246650e-001  5.624834e-001  5.416698e-001
    outer loop
      vertex -6.000000e+001  3.644847e-001  3.422731e-001
      vertex -4.500000e+001  8.894196e+000  8.783125e+000
      vertex -4.500000e+001  9.112108e+000  8.556839e+000
    endloop
  endfacet
  facet normal -6.246650e-001  5.759189e-001  5.273624e-001
    outer loop
      vertex -6.000000e+001  3.644847e-001  3.422731e-001
      vertex -4.500000e+001  9.112108e+000  8.556839e+000
      vertex -4.500000e+001  9.324265e+000  8.325149e+000
    endloop
  endfacet
  facet normal -6.246750e-001  5.889845e-001  5.127168e-001
    outer loop
      vertex -6.000000e+001  3.644847e-001  3.422731e-001
      vertex -4.500000e+001  9.324265e+000  8.325149e+000
      vertex -4.500000e+001  9.530531e+000  8.088200e+000
    endloop
  endfacet
  facet normal -6.246951e-001  6.016696e-001  4.977447e-001
    outer loop
      vertex -6.000000e+001  3.644847e-001  3.422731e-001
      vertex -4.500000e+001  9.530531e+000  8.088200e+000
      vertex -4.500000e+001  9.730779e+000  7.846142e+000
    endloop
  endfacet
  facet normal -6.247251e-001  6.139689e-001  4.824529e-001
    outer loop
      vertex -6.000000e+001  3.644847e-001  3.422731e-001
      vertex -4.500000e+001  9.730779e+000  7.846142e+000
      vertex -4.500000e+001  9.924880e+000  7.599129e+000
    endloop
  endfacet
  facet normal -6.244444e-001  6.018285e-001  4.978670e-001
    outer loop
      vertex -6.000000e+001  3.644847e-001  3.422731e-001
      vertex -4.500000e+001  9.924880e+000  7.599129e+000
      vertex -6.000000e+001  4.045089e-001  2.938921e-001
    endloop
  endfacet
  facet normal -6.246951e-001  7.426506e-001  2.413009e-001
    outer loop
      vertex -6.000000e+001  4.842918e-001  1.243443e-001
      vertex -6.000000e+001  4.648885e-001  1.840616e-001
      vertex -4.500000e+001  1.193581e+001  3.713020e+000
    endloop
  endfacet
  facet normal -6.246750e-001  7.484956e-001  2.225659e-001
    outer loop
      vertex -6.000000e+001  4.842918e-001  1.243443e-001
      vertex -4.500000e+001  1.193581e+001  3.713020e+000
      vertex -4.500000e+001  1.202535e+001  3.411899e+000
    endloop
  endfacet
  facet normal -6.246649e-001  7.538597e-001  2.036890e-001
    outer loop
      vertex -6.000000e+001  4.842918e-001  1.243443e-001
      vertex -4.500000e+001  1.202535e+001  3.411899e+000
      vertex -4.500000e+001  1.210729e+001  3.108624e+000
    endloop
  endfacet
  facet normal -6.246650e-001  7.587400e-001  1.846817e-001
    outer loop
      vertex -6.000000e+001  4.842918e-001  1.243443e-001
      vertex -4.500000e+001  1.210729e+001  3.108624e+000
      vertex -4.500000e+001  1.218159e+001  2.803385e+000
    endloop
  endfacet
  facet normal -6.246750e-001  7.631342e-001  1.655520e-001
    outer loop
      vertex -6.000000e+001  4.842918e-001  1.243443e-001
      vertex -4.500000e+001  1.218159e+001  2.803385e+000
      vertex -4.500000e+001  1.224819e+001  2.496375e+000
    endloop
  endfacet
  facet normal -6.246950e-001  7.670373e-001  1.463213e-001
    outer loop
      vertex -6.000000e+001  4.842918e-001  1.243443e-001
      vertex -4.500000e+001  1.224819e+001  2.496375e+000
      vertex -4.500000e+001  1.230705e+001  2.187788e+000
    endloop
  endfacet
  facet normal -6.247251e-001  7.704488e-001  1.269932e-001
    outer loop
      vertex -6.000000e+001  4.842918e-001  1.243443e-001
      vertex -4.500000e+001  1.230705e+001  2.187788e+000
      vertex -4.500000e+001  1.235815e+001  1.877820e+000
    endloop
  endfacet
  facet normal -6.244444e-001  7.672350e-001  1.463544e-001
    outer loop
      vertex -6.000000e+001  4.842918e-001  1.243443e-001
      vertex -4.500000e+001  1.235815e+001  1.877820e+000
      vertex -6.000000e+001  4.960575e-001  6.266589e-002
    endloop
  endfacet
  facet normal -6.246650e-001  7.734442e-001  1.076002e-001
    outer loop
      vertex -6.000000e+001  4.960575e-001  6.266589e-002
      vertex -4.500000e+001  1.235815e+001  1.877820e+000
      vertex -4.500000e+001  1.240143e+001  1.566665e+000
    endloop
  endfacet
  facet normal -6.246650e-001  7.759040e-001  8.812840e-002
    outer loop
      vertex -6.000000e+001  4.960575e-001  6.266589e-002
      vertex -4.500000e+001  1.240143e+001  1.566665e+000
      vertex -4.500000e+001  1.243689e+001  1.254521e+000
    endloop
  endfacet
  facet normal -6.246750e-001  7.778657e-001  6.860126e-002
    outer loop
      vertex -6.000000e+001  4.960575e-001  6.266589e-002
      vertex -4.500000e+001  1.243689e+001  1.254521e+000
      vertex -4.500000e+001  1.246449e+001  9.415851e-001
    endloop
  endfacet
  facet normal -6.246949e-001  7.793279e-001  4.903139e-002
    outer loop
      vertex -6.000000e+001  4.960575e-001  6.266589e-002
      vertex -4.500000e+001  1.246449e+001  9.415851e-001
      vertex -4.500000e+001  1.248421e+001  6.280540e-001
    endloop
  endfacet
  facet normal -6.247250e-001  7.802899e-001  2.943120e-002
    outer loop
      vertex -6.000000e+001  4.960575e-001  6.266589e-002
      vertex -4.500000e+001  1.248421e+001  6.280540e-001
      vertex -4.500000e+001  1.249605e+001  3.141262e-001
    endloop
  endfacet
  facet normal -6.244444e-001  7.795281e-001  4.904174e-002
    outer loop
      vertex -6.000000e+001  4.960575e-001  6.266589e-002
      vertex -4.500000e+001  1.249605e+001  3.141262e-001
      vertex -6.000000e+001  5.000000e-001 -7.693928e-007
    endloop
  endfacet
  facet normal -6.246650e-001 -7.808313e-001  9.811796e-003
    outer loop
      vertex -6.000000e+001 -5.000000e-001 -1.779718e-016
      vertex -4.500000e+001 -1.250000e+001 -3.061516e-015
      vertex -4.500000e+001 -1.249605e+001  3.141262e-001
    endloop
  endfacet
  facet normal -6.246750e-001 -7.803299e-001  2.943272e-002
    outer loop
      vertex -6.000000e+001 -5.000000e-001 -1.779718e-016
      vertex -4.500000e+001 -1.249605e+001  3.141262e-001
      vertex -4.500000e+001 -1.248421e+001  6.280540e-001
    endloop
  endfacet
  facet normal -6.246950e-001 -7.793279e-001  4.903139e-002
    outer loop
      vertex -6.000000e+001 -5.000000e-001 -1.779718e-016
      vertex -4.500000e+001 -1.248421e+001  6.280540e-001
      vertex -4.500000e+001 -1.246449e+001  9.415851e-001
    endloop
  endfacet
  facet normal -6.247250e-001 -7.778258e-001  6.859774e-002
    outer loop
      vertex -6.000000e+001 -5.000000e-001 -1.779718e-016
      vertex -4.500000e+001 -1.246449e+001  9.415851e-001
      vertex -4.500000e+001 -1.243689e+001  1.254521e+000
    endloop
  endfacet
  facet normal -6.244443e-001 -7.795281e-001  4.904174e-002
    outer loop
      vertex -6.000000e+001 -5.000000e-001 -1.779718e-016
      vertex -4.500000e+001 -1.243689e+001  1.254521e+000
      vertex -6.000000e+001 -4.960574e-001  6.266665e-002
    endloop
  endfacet
  facet normal -6.246650e-001 -6.374747e-001  4.510207e-001
    outer loop
      vertex -6.000000e+001 -4.045084e-001  2.938927e-001
      vertex -4.500000e+001 -1.029416e+001  7.090862e+000
      vertex -4.500000e+001 -1.011271e+001  7.347316e+000
    endloop
  endfacet
  facet normal -6.246650e-001 -6.259373e-001  4.669005e-001
    outer loop
      vertex -6.000000e+001 -4.045084e-001  2.938927e-001
      vertex -4.500000e+001 -1.011271e+001  7.347316e+000
      vertex -4.500000e+001 -9.924880e+000  7.599129e+000
    endloop
  endfacet
  facet normal -6.246750e-001 -6.140004e-001  4.824777e-001
    outer loop
      vertex -6.000000e+001 -4.045084e-001  2.938927e-001
      vertex -4.500000e+001 -9.924880e+000  7.599129e+000
      vertex -4.500000e+001 -9.730779e+000  7.846142e+000
    endloop
  endfacet
  facet normal -6.246951e-001 -6.016696e-001  4.977447e-001
    outer loop
      vertex -6.000000e+001 -4.045084e-001  2.938927e-001
      vertex -4.500000e+001 -9.730779e+000  7.846142e+000
      vertex -4.500000e+001 -9.530531e+000  8.088200e+000
    endloop
  endfacet
  facet normal -6.247251e-001 -5.889543e-001  5.126905e-001
    outer loop
      vertex -6.000000e+001 -4.045084e-001  2.938927e-001
      vertex -4.500000e+001 -9.530531e+000  8.088200e+000
      vertex -4.500000e+001 -9.324265e+000  8.325149e+000
    endloop
  endfacet
  facet normal -6.244445e-001 -6.018203e-001  4.978769e-001
    outer loop
      vertex -6.000000e+001 -4.045084e-001  2.938927e-001
      vertex -4.500000e+001 -9.324265e+000  8.325149e+000
      vertex -6.000000e+001 -3.644842e-001  3.422737e-001
    endloop
  endfacet
  facet normal -6.246650e-001 -2.506215e-001  7.395827e-001
    outer loop
      vertex -6.000000e+001 -1.545082e-001  4.755284e-001
      vertex -4.500000e+001 -4.160244e+000  1.178738e+001
      vertex -4.500000e+001 -3.862712e+000  1.188821e+001
    endloop
  endfacet
  facet normal -6.246650e-001 -2.319581e-001  7.456468e-001
    outer loop
      vertex -6.000000e+001 -1.545082e-001  4.755284e-001
      vertex -4.500000e+001 -3.862712e+000  1.188821e+001
      vertex -4.500000e+001 -3.562741e+000  1.198152e+001
    endloop
  endfacet
  facet normal -6.246750e-001 -2.131431e-001  7.512331e-001
    outer loop
      vertex -6.000000e+001 -1.545082e-001  4.755284e-001
      vertex -4.500000e+001 -3.562741e+000  1.198152e+001
      vertex -4.500000e+001 -3.260519e+000  1.206727e+001
    endloop
  endfacet
  facet normal -6.246950e-001 -1.941938e-001  7.563365e-001
    outer loop
      vertex -6.000000e+001 -1.545082e-001  4.755284e-001
      vertex -4.500000e+001 -3.260519e+000  1.206727e+001
      vertex -4.500000e+001 -2.956238e+000  1.214540e+001
    endloop
  endfacet
  facet normal -6.247250e-001 -1.751221e-001  7.609539e-001
    outer loop
      vertex -6.000000e+001 -1.545082e-001  4.755284e-001
      vertex -4.500000e+001 -2.956238e+000  1.214540e+001
      vertex -4.500000e+001 -2.650089e+000  1.221585e+001
    endloop
  endfacet
  facet normal -6.244445e-001 -1.942344e-001  7.565329e-001
    outer loop
      vertex -6.000000e+001 -1.545082e-001  4.755284e-001
      vertex -4.500000e+001 -2.650089e+000  1.221585e+001
      vertex -6.000000e+001 -9.369033e-002  4.911437e-001
    endloop
  endfacet
  facet normal -6.246650e-001  2.319581e-001  7.456468e-001
    outer loop
      vertex -6.000000e+001  1.545089e-001  4.755281e-001
      vertex -4.500000e+001  3.562741e+000  1.198152e+001
      vertex -4.500000e+001  3.862712e+000  1.188821e+001
    endloop
  endfacet
  facet normal -6.246650e-001  2.506215e-001  7.395827e-001
    outer loop
      vertex -6.000000e+001  1.545089e-001  4.755281e-001
      vertex -4.500000e+001  3.862712e+000  1.188821e+001
      vertex -4.500000e+001  4.160244e+000  1.178738e+001
    endloop
  endfacet
  facet normal -6.246750e-001  2.691280e-001  7.330425e-001
    outer loop
      vertex -6.000000e+001  1.545089e-001  4.755281e-001
      vertex -4.500000e+001  4.160244e+000  1.178738e+001
      vertex -4.500000e+001  4.455149e+000  1.167911e+001
    endloop
  endfacet
  facet normal -6.246950e-001  2.874565e-001  7.260336e-001
    outer loop
      vertex -6.000000e+001  1.545089e-001  4.755281e-001
      vertex -4.500000e+001  4.455149e+000  1.167911e+001
      vertex -4.500000e+001  4.747239e+000  1.156347e+001
    endloop
  endfacet
  facet normal -6.247251e-001  3.056025e-001  7.185581e-001
    outer loop
      vertex -6.000000e+001  1.545089e-001  4.755281e-001
      vertex -4.500000e+001  4.747239e+000  1.156347e+001
      vertex -4.500000e+001  5.036330e+000  1.144051e+001
    endloop
  endfacet
  facet normal -6.244442e-001  2.875254e-001  7.262221e-001
    outer loop
      vertex -6.000000e+001  1.545089e-001  4.755281e-001
      vertex -4.500000e+001  5.036330e+000  1.144051e+001
      vertex -6.000000e+001  2.128901e-001  4.524133e-001
    endloop
  endfacet
  facet normal -6.246650e-001  6.259373e-001  4.669005e-001
    outer loop
      vertex -6.000000e+001  4.045089e-001  2.938921e-001
      vertex -4.500000e+001  9.924880e+000  7.599129e+000
      vertex -4.500000e+001  1.011271e+001  7.347316e+000
    endloop
  endfacet
  facet normal -6.246650e-001  6.374747e-001  4.510207e-001
    outer loop
      vertex -6.000000e+001  4.045089e-001  2.938921e-001
      vertex -4.500000e+001  1.011271e+001  7.347316e+000
      vertex -4.500000e+001  1.029416e+001  7.090862e+000
    endloop
  endfacet
  facet normal -6.246750e-001  6.485986e-001  4.348573e-001
    outer loop
      vertex -6.000000e+001  4.045089e-001  2.938921e-001
      vertex -4.500000e+001  1.029416e+001  7.090862e+000
      vertex -4.500000e+001  1.046910e+001  6.829929e+000
    endloop
  endfacet
  facet normal -6.246951e-001  6.593096e-001  4.184099e-001
    outer loop
      vertex -6.000000e+001  4.045089e-001  2.938921e-001
      vertex -4.500000e+001  1.046910e+001  6.829929e+000
      vertex -4.500000e+001  1.063743e+001  6.564683e+000
    endloop
  endfacet
  facet normal -6.247251e-001  6.695954e-001  4.016971e-001
    outer loop
      vertex -6.000000e+001  4.045089e-001  2.938921e-001
      vertex -4.500000e+001  1.063743e+001  6.564683e+000
      vertex -4.500000e+001  1.079904e+001  6.295290e+000
    endloop
  endfacet
  facet normal -6.244444e-001  6.594793e-001  4.185168e-001
    outer loop
      vertex -6.000000e+001  4.045089e-001  2.938921e-001
      vertex -4.500000e+001  1.079904e+001  6.295290e+000
      vertex -6.000000e+001  4.381537e-001  2.408763e-001
    endloop
  endfacet
  facet normal -6.246649e-001 -7.587400e-001  1.846817e-001
    outer loop
      vertex -4.500000e+001 -1.210729e+001  3.108624e+000
      vertex -6.000000e+001 -4.842916e-001  1.243450e-001
      vertex -4.500000e+001 -1.218159e+001  2.803385e+000
    endloop
  endfacet
  facet normal -6.244443e-001 -7.672352e-001  1.463541e-001
    outer loop
      vertex -4.500000e+001 -1.218159e+001  2.803385e+000
      vertex -6.000000e+001 -4.842916e-001  1.243450e-001
      vertex -6.000000e+001 -4.960574e-001  6.266665e-002
    endloop
  endfacet
  facet normal -6.247250e-001 -7.630949e-001  1.655435e-001
    outer loop
      vertex -4.500000e+001 -1.218159e+001  2.803385e+000
      vertex -6.000000e+001 -4.960574e-001  6.266665e-002
      vertex -4.500000e+001 -1.224819e+001  2.496375e+000
    endloop
  endfacet
  facet normal -6.246650e-001 -5.052803e-001  5.953869e-001
    outer loop
      vertex -4.500000e+001 -7.967800e+000  9.631415e+000
      vertex -6.000000e+001 -3.187118e-001  3.852568e-001
      vertex -4.500000e+001 -8.207322e+000  9.428143e+000
    endloop
  endfacet
  facet normal -6.244444e-001 -5.346771e-001  5.693765e-001
    outer loop
      vertex -4.500000e+001 -8.207322e+000  9.428143e+000
      vertex -6.000000e+001 -3.187118e-001  3.852568e-001
      vertex -6.000000e+001 -3.644842e-001  3.422737e-001
    endloop
  endfacet
  facet normal -6.247250e-001 -5.200520e-001  5.824640e-001
    outer loop
      vertex -4.500000e+001 -8.207322e+000  9.428143e+000
      vertex -6.000000e+001 -3.644842e-001  3.422737e-001
      vertex -4.500000e+001 -8.441660e+000  9.218914e+000
    endloop
  endfacet
  facet normal -6.246650e-001 -5.882334e-002  7.786742e-001
    outer loop
      vertex -4.500000e+001 -7.848815e-001  1.247533e+001
      vertex -6.000000e+001 -3.139489e-002  4.990134e-001
      vertex -4.500000e+001 -1.098140e+000  1.245167e+001
    endloop
  endfacet
  facet normal -6.244445e-001 -9.788195e-002  7.749116e-001
    outer loop
      vertex -4.500000e+001 -1.098140e+000  1.245167e+001
      vertex -6.000000e+001 -3.139489e-002  4.990134e-001
      vertex -6.000000e+001 -9.369033e-002  4.911437e-001
    endloop
  endfacet
  facet normal -6.247250e-001 -7.836628e-002  7.769024e-001
    outer loop
      vertex -4.500000e+001 -1.098140e+000  1.245167e+001
      vertex -6.000000e+001 -9.369033e-002  4.911437e-001
      vertex -4.500000e+001 -1.410705e+000  1.242014e+001
    endloop
  endfacet
  facet normal -6.246650e-001  4.101045e-001  6.645359e-001
    outer loop
      vertex -4.500000e+001  6.697835e+000  1.055410e+001
      vertex -6.000000e+001  2.679138e-001  4.221637e-001
      vertex -4.500000e+001  6.430494e+000  1.071908e+001
    endloop
  endfacet
  facet normal -6.244443e-001  3.762837e-001  6.844558e-001
    outer loop
      vertex -4.500000e+001  6.430494e+000  1.071908e+001
      vertex -6.000000e+001  2.679138e-001  4.221637e-001
      vertex -6.000000e+001  2.128901e-001  4.524133e-001
    endloop
  endfacet
  facet normal -6.247250e-001  3.932531e-001  6.745892e-001
    outer loop
      vertex -4.500000e+001  6.430494e+000  1.071908e+001
      vertex -6.000000e+001  2.128901e-001  4.524133e-001
      vertex -4.500000e+001  6.159092e+000  1.087730e+001
    endloop
  endfacet
  facet normal -6.246650e-001  7.223867e-001  2.965657e-001
    outer loop
      vertex -4.500000e+001  1.162221e+001  4.601557e+000
      vertex -6.000000e+001  4.648885e-001  1.840616e-001
      vertex -4.500000e+001  1.150290e+001  4.892171e+000
    endloop
  endfacet
  facet normal -6.244443e-001  7.067310e-001  3.325667e-001
    outer loop
      vertex -4.500000e+001  1.150290e+001  4.892171e+000
      vertex -6.000000e+001  4.648885e-001  1.840616e-001
      vertex -6.000000e+001  4.381537e-001  2.408763e-001
    endloop
  endfacet
  facet normal -6.247251e-001  7.146612e-001  3.146078e-001
    outer loop
      vertex -4.500000e+001  1.150290e+001  4.892171e+000
      vertex -6.000000e+001  4.381537e-001  2.408763e-001
      vertex -4.500000e+001  1.137632e+001  5.179695e+000
    endloop
  endfacet
  facet normal -6.246650e-001 -7.808313e-001 -9.811796e-003
    outer loop
      vertex -4.500000e+001 -1.249605e+001 -3.141262e-001
      vertex -4.500000e+001 -1.250000e+001 -3.061516e-015
      vertex -6.000000e+001 -5.000000e-001 -1.779718e-016
    endloop
  endfacet
  facet normal -6.246650e-001  7.734442e-001 -1.076002e-001
    outer loop
      vertex -4.500000e+001  1.240143e+001 -1.566665e+000
      vertex -4.500000e+001  1.235815e+001 -1.877820e+000
      vertex -6.000000e+001  4.960575e-001 -6.266569e-002
    endloop
  endfacet
  facet normal -6.246650e-001  7.759040e-001 -8.812840e-002
    outer loop
      vertex -6.000000e+001  4.960575e-001 -6.266569e-002
      vertex -4.500000e+001  1.243689e+001 -1.254521e+000
      vertex -4.500000e+001  1.240143e+001 -1.566665e+000
    endloop
  endfacet
  facet normal -6.246750e-001  7.704883e-001 -1.269998e-001
    outer loop
      vertex -4.500000e+001  1.230705e+001 -2.187788e+000
      vertex -6.000000e+001  4.960575e-001 -6.266569e-002
      vertex -4.500000e+001  1.235815e+001 -1.877820e+000
    endloop
  endfacet
  facet normal -6.246750e-001  7.484956e-001 -2.225659e-001
    outer loop
      vertex -4.500000e+001  1.202535e+001 -3.411899e+000
      vertex -4.500000e+001  1.193581e+001 -3.713020e+000
      vertex -6.000000e+001  4.842918e-001 -1.243441e-001
    endloop
  endfacet
  facet normal -6.246649e-001  7.538597e-001 -2.036890e-001
    outer loop
      vertex -4.500000e+001  1.210729e+001 -3.108624e+000
      vertex -4.500000e+001  1.202535e+001 -3.411899e+000
      vertex -6.000000e+001  4.842918e-001 -1.243441e-001
    endloop
  endfacet
  facet normal -6.246951e-001  7.670373e-001 -1.463213e-001
    outer loop
      vertex -4.500000e+001  1.230705e+001 -2.187788e+000
      vertex -4.500000e+001  1.224819e+001 -2.496375e+000
      vertex -6.000000e+001  4.960575e-001 -6.266569e-002
    endloop
  endfacet
  facet normal -6.246951e-001  7.426501e-001 -2.413026e-001
    outer loop
      vertex -4.500000e+001  1.193581e+001 -3.713020e+000
      vertex -4.500000e+001  1.183873e+001 -4.011795e+000
      vertex -6.000000e+001  4.842918e-001 -1.243441e-001
    endloop
  endfacet
  facet normal -6.246650e-001  5.624834e-001 -5.416698e-001
    outer loop
      vertex -4.500000e+001  9.112108e+000 -8.556839e+000
      vertex -4.500000e+001  8.894196e+000 -8.783125e+000
      vertex -6.000000e+001  3.644848e-001 -3.422730e-001
    endloop
  endfacet
  facet normal -6.246650e-001  5.759189e-001 -5.273624e-001
    outer loop
      vertex -6.000000e+001  3.644848e-001 -3.422730e-001
      vertex -4.500000e+001  9.324265e+000 -8.325149e+000
      vertex -4.500000e+001  9.112108e+000 -8.556839e+000
    endloop
  endfacet
  facet normal -6.246750e-001  5.486888e-001 -5.556273e-001
    outer loop
      vertex -4.500000e+001  8.670667e+000 -9.003862e+000
      vertex -6.000000e+001  3.644848e-001 -3.422730e-001
      vertex -4.500000e+001  8.894196e+000 -8.783125e+000
    endloop
  endfacet
  facet normal -6.246750e-001  4.747233e-001 -6.200153e-001
    outer loop
      vertex -4.500000e+001  7.723245e+000 -9.828606e+000
      vertex -4.500000e+001  7.473812e+000 -1.001959e+001
      vertex -6.000000e+001  3.187125e-001 -3.852562e-001
    endloop
  endfacet
  facet normal -6.246650e-001  4.901605e-001 -6.078950e-001
    outer loop
      vertex -4.500000e+001  7.967800e+000 -9.631415e+000
      vertex -4.500000e+001  7.723245e+000 -9.828606e+000
      vertex -6.000000e+001  3.187125e-001 -3.852562e-001
    endloop
  endfacet
  facet normal -6.246950e-001  5.345415e-001 -5.692289e-001
    outer loop
      vertex -4.500000e+001  8.670667e+000 -9.003862e+000
      vertex -4.500000e+001  8.441660e+000 -9.218914e+000
      vertex -6.000000e+001  3.644848e-001 -3.422730e-001
    endloop
  endfacet
  facet normal -6.246951e-001  4.589834e-001 -6.317360e-001
    outer loop
      vertex -4.500000e+001  7.473812e+000 -1.001959e+001
      vertex -4.500000e+001  7.219659e+000 -1.020424e+001
      vertex -6.000000e+001  3.187125e-001 -3.852562e-001
    endloop
  endfacet
  facet normal -6.246650e-001  1.366753e-001 -7.688391e-001
    outer loop
      vertex -4.500000e+001  2.342266e+000 -1.227859e+001
      vertex -4.500000e+001  2.032964e+000 -1.233357e+001
      vertex -6.000000e+001  9.369119e-002 -4.911435e-001
    endloop
  endfacet
  facet normal -6.246650e-001  1.559505e-001 -7.651622e-001
    outer loop
      vertex -6.000000e+001  9.369119e-002 -4.911435e-001
      vertex -4.500000e+001  2.650089e+000 -1.221585e+001
      vertex -4.500000e+001  2.342266e+000 -1.227859e+001
    endloop
  endfacet
  facet normal -6.246750e-001  1.173089e-001 -7.720231e-001
    outer loop
      vertex -4.500000e+001  1.722379e+000 -1.238077e+001
      vertex -6.000000e+001  9.369119e-002 -4.911435e-001
      vertex -4.500000e+001  2.032964e+000 -1.233357e+001
    endloop
  endfacet
  facet normal -6.246750e-001  1.962339e-002 -7.806382e-001
    outer loop
      vertex -4.500000e+001  4.711273e-001 -1.249112e+001
      vertex -4.500000e+001  1.570755e-001 -1.249901e+001
      vertex -6.000000e+001  3.139576e-002 -4.990133e-001
    endloop
  endfacet
  facet normal -6.246650e-001  3.923533e-002 -7.799066e-001
    outer loop
      vertex -4.500000e+001  7.848815e-001 -1.247533e+001
      vertex -4.500000e+001  4.711273e-001 -1.249112e+001
      vertex -6.000000e+001  3.139576e-002 -4.990133e-001
    endloop
  endfacet
  facet normal -6.246951e-001  9.786844e-002 -7.747115e-001
    outer loop
      vertex -4.500000e+001  1.722379e+000 -1.238077e+001
      vertex -4.500000e+001  1.410705e+000 -1.242014e+001
      vertex -6.000000e+001  9.369119e-002 -4.911435e-001
    endloop
  endfacet
  facet normal -6.246950e-001  0.000000e+000 -7.808688e-001
    outer loop
      vertex -4.500000e+001  1.570755e-001 -1.249901e+001
      vertex -4.500000e+001 -1.570755e-001 -1.249901e+001
      vertex -6.000000e+001  3.139576e-002 -4.990133e-001
    endloop
  endfacet
  facet normal -6.246649e-001 -3.413410e-001 -7.023389e-001
    outer loop
      vertex -4.500000e+001 -5.322241e+000 -1.131034e+001
      vertex -4.500000e+001 -5.604790e+000 -1.117302e+001
      vertex -6.000000e+001 -2.128893e-001 -4.524137e-001
    endloop
  endfacet
  facet normal -6.246650e-001 -3.235826e-001 -7.106953e-001
    outer loop
      vertex -6.000000e+001 -2.128893e-001 -4.524137e-001
      vertex -4.500000e+001 -5.036330e+000 -1.144051e+001
      vertex -4.500000e+001 -5.322241e+000 -1.131034e+001
    endloop
  endfacet
  facet normal -6.246750e-001 -3.588776e-001 -6.935329e-001
    outer loop
      vertex -4.500000e+001 -5.883799e+000 -1.102864e+001
      vertex -6.000000e+001 -2.128893e-001 -4.524137e-001
      vertex -4.500000e+001 -5.604790e+000 -1.117302e+001
    endloop
  endfacet
  facet normal -6.246750e-001 -4.429720e-001 -6.430840e-001
    outer loop
      vertex -4.500000e+001 -6.960945e+000 -1.038245e+001
      vertex -4.500000e+001 -7.219659e+000 -1.020424e+001
      vertex -6.000000e+001 -2.679131e-001 -4.221641e-001
    endloop
  endfacet
  facet normal -6.246650e-001 -4.266749e-001 -6.540200e-001
    outer loop
      vertex -4.500000e+001 -6.697835e+000 -1.055410e+001
      vertex -4.500000e+001 -6.960945e+000 -1.038245e+001
      vertex -6.000000e+001 -2.679131e-001 -4.221641e-001
    endloop
  endfacet
  facet normal -6.246951e-001 -3.761860e-001 -6.842808e-001
    outer loop
      vertex -4.500000e+001 -5.883799e+000 -1.102864e+001
      vertex -4.500000e+001 -6.159092e+000 -1.087730e+001
      vertex -6.000000e+001 -2.128893e-001 -4.524137e-001
    endloop
  endfacet
  facet normal -6.246951e-001 -4.589834e-001 -6.317360e-001
    outer loop
      vertex -4.500000e+001 -7.219659e+000 -1.020424e+001
      vertex -4.500000e+001 -7.473812e+000 -1.001959e+001
      vertex -6.000000e+001 -2.679131e-001 -4.221641e-001
    endloop
  endfacet
  facet normal -6.246650e-001 -6.889753e-001 -3.675687e-001
    outer loop
      vertex -4.500000e+001 -1.095383e+001 -6.021921e+000
      vertex -4.500000e+001 -1.110171e+001 -5.744748e+000
      vertex -6.000000e+001 -4.381533e-001 -2.408770e-001
    endloop
  endfacet
  facet normal -6.246650e-001 -6.795200e-001 -3.847677e-001
    outer loop
      vertex -6.000000e+001 -4.381533e-001 -2.408770e-001
      vertex -4.500000e+001 -1.079904e+001 -6.295290e+000
      vertex -4.500000e+001 -1.095383e+001 -6.021921e+000
    endloop
  endfacet
  facet normal -6.246750e-001 -6.979865e-001 -3.501370e-001
    outer loop
      vertex -4.500000e+001 -1.124257e+001 -5.463947e+000
      vertex -6.000000e+001 -4.381533e-001 -2.408770e-001
      vertex -4.500000e+001 -1.110171e+001 -5.744748e+000
    endloop
  endfacet
  facet normal -6.246750e-001 -7.363666e-001 -2.598949e-001
    outer loop
      vertex -4.500000e+001 -1.173417e+001 -4.308036e+000
      vertex -4.500000e+001 -1.183873e+001 -4.011795e+000
      vertex -6.000000e+001 -4.648882e-001 -1.840624e-001
    endloop
  endfacet
  facet normal -6.246650e-001 -7.296109e-001 -2.783193e-001
    outer loop
      vertex -4.500000e+001 -1.162221e+001 -4.601557e+000
      vertex -4.500000e+001 -1.173417e+001 -4.308036e+000
      vertex -6.000000e+001 -4.648882e-001 -1.840624e-001
    endloop
  endfacet
  facet normal -6.246950e-001 -7.065518e-001 -3.324766e-001
    outer loop
      vertex -4.500000e+001 -1.124257e+001 -5.463947e+000
      vertex -4.500000e+001 -1.137632e+001 -5.179695e+000
      vertex -6.000000e+001 -4.381533e-001 -2.408770e-001
    endloop
  endfacet
  facet normal -6.246950e-001 -7.426501e-001 -2.413026e-001
    outer loop
      vertex -4.500000e+001 -1.183873e+001 -4.011795e+000
      vertex -4.500000e+001 -1.193581e+001 -3.713020e+000
      vertex -6.000000e+001 -4.648882e-001 -1.840624e-001
    endloop
  endfacet
  facet normal -6.246950e-001  7.426507e-001 -2.413005e-001
    outer loop
      vertex -6.000000e+001  4.648885e-001 -1.840615e-001
      vertex -6.000000e+001  4.842918e-001 -1.243441e-001
      vertex -4.500000e+001  1.183873e+001 -4.011795e+000
    endloop
  endfacet
  facet normal -6.246750e-001  7.363666e-001 -2.598949e-001
    outer loop
      vertex -6.000000e+001  4.648885e-001 -1.840615e-001
      vertex -4.500000e+001  1.183873e+001 -4.011795e+000
      vertex -4.500000e+001  1.173417e+001 -4.308036e+000
    endloop
  endfacet
  facet normal -6.246650e-001  7.296109e-001 -2.783193e-001
    outer loop
      vertex -6.000000e+001  4.648885e-001 -1.840615e-001
      vertex -4.500000e+001  1.173417e+001 -4.308036e+000
      vertex -4.500000e+001  1.162221e+001 -4.601557e+000
    endloop
  endfacet
  facet normal -6.246650e-001  7.223867e-001 -2.965657e-001
    outer loop
      vertex -6.000000e+001  4.648885e-001 -1.840615e-001
      vertex -4.500000e+001  1.162221e+001 -4.601557e+000
      vertex -4.500000e+001  1.150290e+001 -4.892171e+000
    endloop
  endfacet
  facet normal -6.246750e-001  7.146978e-001 -3.146239e-001
    outer loop
      vertex -6.000000e+001  4.648885e-001 -1.840615e-001
      vertex -4.500000e+001  1.150290e+001 -4.892171e+000
      vertex -4.500000e+001  1.137632e+001 -5.179695e+000
    endloop
  endfacet
  facet normal -6.246950e-001  7.065518e-001 -3.324766e-001
    outer loop
      vertex -6.000000e+001  4.648885e-001 -1.840615e-001
      vertex -4.500000e+001  1.137632e+001 -5.179695e+000
      vertex -4.500000e+001  1.124257e+001 -5.463947e+000
    endloop
  endfacet
  facet normal -6.247251e-001  6.979507e-001 -3.501191e-001
    outer loop
      vertex -6.000000e+001  4.648885e-001 -1.840615e-001
      vertex -4.500000e+001  1.124257e+001 -5.463947e+000
      vertex -4.500000e+001  1.110171e+001 -5.744748e+000
    endloop
  endfacet
  facet normal -6.244442e-001  7.067357e-001 -3.325571e-001
    outer loop
      vertex -6.000000e+001  4.648885e-001 -1.840615e-001
      vertex -4.500000e+001  1.110171e+001 -5.744748e+000
      vertex -6.000000e+001  4.381537e-001 -2.408761e-001
    endloop
  endfacet
  facet normal -6.246650e-001  6.889753e-001 -3.675687e-001
    outer loop
      vertex -6.000000e+001  4.381537e-001 -2.408761e-001
      vertex -4.500000e+001  1.110171e+001 -5.744748e+000
      vertex -4.500000e+001  1.095383e+001 -6.021921e+000
    endloop
  endfacet
  facet normal -6.246650e-001  6.795200e-001 -3.847677e-001
    outer loop
      vertex -6.000000e+001  4.381537e-001 -2.408761e-001
      vertex -4.500000e+001  1.095383e+001 -6.021921e+000
      vertex -4.500000e+001  1.079904e+001 -6.295290e+000
    endloop
  endfacet
  facet normal -6.246750e-001  6.696298e-001 -4.017177e-001
    outer loop
      vertex -6.000000e+001  4.381537e-001 -2.408761e-001
      vertex -4.500000e+001  1.079904e+001 -6.295290e+000
      vertex -4.500000e+001  1.063743e+001 -6.564683e+000
    endloop
  endfacet
  facet normal -6.246951e-001  6.593096e-001 -4.184099e-001
    outer loop
      vertex -6.000000e+001  4.381537e-001 -2.408761e-001
      vertex -4.500000e+001  1.063743e+001 -6.564683e+000
      vertex -4.500000e+001  1.046910e+001 -6.829929e+000
    endloop
  endfacet
  facet normal -6.247250e-001  6.485654e-001 -4.348350e-001
    outer loop
      vertex -6.000000e+001  4.381537e-001 -2.408761e-001
      vertex -4.500000e+001  1.046910e+001 -6.829929e+000
      vertex -4.500000e+001  1.029416e+001 -7.090862e+000
    endloop
  endfacet
  facet normal -6.244445e-001  6.594738e-001 -4.185252e-001
    outer loop
      vertex -6.000000e+001  4.381537e-001 -2.408761e-001
      vertex -4.500000e+001  1.029416e+001 -7.090862e+000
      vertex -6.000000e+001  4.045089e-001 -2.938920e-001
    endloop
  endfacet
  facet normal -6.246951e-001  4.589840e-001 -6.317356e-001
    outer loop
      vertex -6.000000e+001  2.679139e-001 -4.221636e-001
      vertex -6.000000e+001  3.187125e-001 -3.852562e-001
      vertex -4.500000e+001  7.219659e+000 -1.020424e+001
    endloop
  endfacet
  facet normal -6.246750e-001  4.429720e-001 -6.430840e-001
    outer loop
      vertex -6.000000e+001  2.679139e-001 -4.221636e-001
      vertex -4.500000e+001  7.219659e+000 -1.020424e+001
      vertex -4.500000e+001  6.960945e+000 -1.038245e+001
    endloop
  endfacet
  facet normal -6.246649e-001  4.266749e-001 -6.540200e-001
    outer loop
      vertex -6.000000e+001  2.679139e-001 -4.221636e-001
      vertex -4.500000e+001  6.960945e+000 -1.038245e+001
      vertex -4.500000e+001  6.697835e+000 -1.055410e+001
    endloop
  endfacet
  facet normal -6.246650e-001  4.101045e-001 -6.645359e-001
    outer loop
      vertex -6.000000e+001  2.679139e-001 -4.221636e-001
      vertex -4.500000e+001  6.697835e+000 -1.055410e+001
      vertex -4.500000e+001  6.430494e+000 -1.071908e+001
    endloop
  endfacet
  facet normal -6.246750e-001  3.932733e-001 -6.746238e-001
    outer loop
      vertex -6.000000e+001  2.679139e-001 -4.221636e-001
      vertex -4.500000e+001  6.430494e+000 -1.071908e+001
      vertex -4.500000e+001  6.159092e+000 -1.087730e+001
    endloop
  endfacet
  facet normal -6.246950e-001  3.761860e-001 -6.842808e-001
    outer loop
      vertex -6.000000e+001  2.679139e-001 -4.221636e-001
      vertex -4.500000e+001  6.159092e+000 -1.087730e+001
      vertex -4.500000e+001  5.883799e+000 -1.102864e+001
    endloop
  endfacet
  facet normal -6.247251e-001  3.588592e-001 -6.934974e-001
    outer loop
      vertex -6.000000e+001  2.679139e-001 -4.221636e-001
      vertex -4.500000e+001  5.883799e+000 -1.102864e+001
      vertex -4.500000e+001  5.604790e+000 -1.117302e+001
    endloop
  endfacet
  facet normal -6.244443e-001  3.762838e-001 -6.844559e-001
    outer loop
      vertex -6.000000e+001  2.679139e-001 -4.221636e-001
      vertex -4.500000e+001  5.604790e+000 -1.117302e+001
      vertex -6.000000e+001  2.128902e-001 -4.524133e-001
    endloop
  endfacet
  facet normal -6.246650e-001  3.413411e-001 -7.023389e-001
    outer loop
      vertex -6.000000e+001  2.128902e-001 -4.524133e-001
      vertex -4.500000e+001  5.604790e+000 -1.117302e+001
      vertex -4.500000e+001  5.322241e+000 -1.131034e+001
    endloop
  endfacet
  facet normal -6.246649e-001  3.235826e-001 -7.106953e-001
    outer loop
      vertex -6.000000e+001  2.128902e-001 -4.524133e-001
      vertex -4.500000e+001  5.322241e+000 -1.131034e+001
      vertex -4.500000e+001  5.036330e+000 -1.144051e+001
    endloop
  endfacet
  facet normal -6.246750e-001  3.056182e-001 -7.185950e-001
    outer loop
      vertex -6.000000e+001  2.128902e-001 -4.524133e-001
      vertex -4.500000e+001  5.036330e+000 -1.144051e+001
      vertex -4.500000e+001  4.747239e+000 -1.156347e+001
    endloop
  endfacet
  facet normal -6.246950e-001  2.874565e-001 -7.260336e-001
    outer loop
      vertex -6.000000e+001  2.128902e-001 -4.524133e-001
      vertex -4.500000e+001  4.747239e+000 -1.156347e+001
      vertex -4.500000e+001  4.455149e+000 -1.167911e+001
    endloop
  endfacet
  facet normal -6.247250e-001  2.691142e-001 -7.330049e-001
    outer loop
      vertex -6.000000e+001  2.128902e-001 -4.524133e-001
      vertex -4.500000e+001  4.455149e+000 -1.167911e+001
      vertex -4.500000e+001  4.160244e+000 -1.178738e+001
    endloop
  endfacet
  facet normal -6.244445e-001  2.875254e-001 -7.262219e-001
    outer loop
      vertex -6.000000e+001  2.128902e-001 -4.524133e-001
      vertex -4.500000e+001  4.160244e+000 -1.178738e+001
      vertex -6.000000e+001  1.545091e-001 -4.755281e-001
    endloop
  endfacet
  facet normal -6.246950e-001  7.412485e-007 -7.808688e-001
    outer loop
      vertex -6.000000e+001 -3.139480e-002 -4.990134e-001
      vertex -6.000000e+001  3.139576e-002 -4.990133e-001
      vertex -4.500000e+001 -1.570755e-001 -1.249901e+001
    endloop
  endfacet
  facet normal -6.246750e-001 -1.962339e-002 -7.806382e-001
    outer loop
      vertex -6.000000e+001 -3.139480e-002 -4.990134e-001
      vertex -4.500000e+001 -1.570755e-001 -1.249901e+001
      vertex -4.500000e+001 -4.711273e-001 -1.249112e+001
    endloop
  endfacet
  facet normal -6.246650e-001 -3.923533e-002 -7.799066e-001
    outer loop
      vertex -6.000000e+001 -3.139480e-002 -4.990134e-001
      vertex -4.500000e+001 -4.711273e-001 -1.249112e+001
      vertex -4.500000e+001 -7.848815e-001 -1.247533e+001
    endloop
  endfacet
  facet normal -6.246650e-001 -5.882335e-002 -7.786742e-001
    outer loop
      vertex -6.000000e+001 -3.139480e-002 -4.990134e-001
      vertex -4.500000e+001 -7.848815e-001 -1.247533e+001
      vertex -4.500000e+001 -1.098140e+000 -1.245167e+001
    endloop
  endfacet
  facet normal -6.246750e-001 -7.837030e-002 -7.769422e-001
    outer loop
      vertex -6.000000e+001 -3.139480e-002 -4.990134e-001
      vertex -4.500000e+001 -1.098140e+000 -1.245167e+001
      vertex -4.500000e+001 -1.410705e+000 -1.242014e+001
    endloop
  endfacet
  facet normal -6.246951e-001 -9.786844e-002 -7.747115e-001
    outer loop
      vertex -6.000000e+001 -3.139480e-002 -4.990134e-001
      vertex -4.500000e+001 -1.410705e+000 -1.242014e+001
      vertex -4.500000e+001 -1.722379e+000 -1.238077e+001
    endloop
  endfacet
  facet normal -6.247251e-001 -1.173029e-001 -7.719836e-001
    outer loop
      vertex -6.000000e+001 -3.139480e-002 -4.990134e-001
      vertex -4.500000e+001 -1.722379e+000 -1.238077e+001
      vertex -4.500000e+001 -2.032964e+000 -1.233357e+001
    endloop
  endfacet
  facet normal -6.244441e-001 -9.788182e-002 -7.749121e-001
    outer loop
      vertex -6.000000e+001 -3.139480e-002 -4.990134e-001
      vertex -4.500000e+001 -2.032964e+000 -1.233357e+001
      vertex -6.000000e+001 -9.369024e-002 -4.911437e-001
    endloop
  endfacet
  facet normal -6.246650e-001 -1.366753e-001 -7.688391e-001
    outer loop
      vertex -6.000000e+001 -9.369024e-002 -4.911437e-001
      vertex -4.500000e+001 -2.032964e+000 -1.233357e+001
      vertex -4.500000e+001 -2.342266e+000 -1.227859e+001
    endloop
  endfacet
  facet normal -6.246650e-001 -1.559505e-001 -7.651622e-001
    outer loop
      vertex -6.000000e+001 -9.369024e-002 -4.911437e-001
      vertex -4.500000e+001 -2.342266e+000 -1.227859e+001
      vertex -4.500000e+001 -2.650089e+000 -1.221585e+001
    endloop
  endfacet
  facet normal -6.246750e-001 -1.751311e-001 -7.609929e-001
    outer loop
      vertex -6.000000e+001 -9.369024e-002 -4.911437e-001
      vertex -4.500000e+001 -2.650089e+000 -1.221585e+001
      vertex -4.500000e+001 -2.956238e+000 -1.214540e+001
    endloop
  endfacet
  facet normal -6.246950e-001 -1.941937e-001 -7.563365e-001
    outer loop
      vertex -6.000000e+001 -9.369024e-002 -4.911437e-001
      vertex -4.500000e+001 -2.956238e+000 -1.214540e+001
      vertex -4.500000e+001 -3.260519e+000 -1.206727e+001
    endloop
  endfacet
  facet normal -6.247251e-001 -2.131321e-001 -7.511945e-001
    outer loop
      vertex -6.000000e+001 -9.369024e-002 -4.911437e-001
      vertex -4.500000e+001 -3.260519e+000 -1.206727e+001
      vertex -4.500000e+001 -3.562741e+000 -1.198152e+001
    endloop
  endfacet
  facet normal -6.244442e-001 -1.942337e-001 -7.565334e-001
    outer loop
      vertex -6.000000e+001 -9.369024e-002 -4.911437e-001
      vertex -4.500000e+001 -3.562741e+000 -1.198152e+001
      vertex -6.000000e+001 -1.545081e-001 -4.755284e-001
    endloop
  endfacet
  facet normal -6.246951e-001 -4.589829e-001 -6.317363e-001
    outer loop
      vertex -6.000000e+001 -3.187118e-001 -3.852568e-001
      vertex -6.000000e+001 -2.679131e-001 -4.221641e-001
      vertex -4.500000e+001 -7.473812e+000 -1.001959e+001
    endloop
  endfacet
  facet normal -6.246750e-001 -4.747233e-001 -6.200153e-001
    outer loop
      vertex -6.000000e+001 -3.187118e-001 -3.852568e-001
      vertex -4.500000e+001 -7.473812e+000 -1.001959e+001
      vertex -4.500000e+001 -7.723245e+000 -9.828606e+000
    endloop
  endfacet
  facet normal -6.246650e-001 -4.901605e-001 -6.078950e-001
    outer loop
      vertex -6.000000e+001 -3.187118e-001 -3.852568e-001
      vertex -4.500000e+001 -7.723245e+000 -9.828606e+000
      vertex -4.500000e+001 -7.967800e+000 -9.631415e+000
    endloop
  endfacet
  facet normal -6.246650e-001 -5.052803e-001 -5.953869e-001
    outer loop
      vertex -6.000000e+001 -3.187118e-001 -3.852568e-001
      vertex -4.500000e+001 -7.967800e+000 -9.631415e+000
      vertex -4.500000e+001 -8.207322e+000 -9.428143e+000
    endloop
  endfacet
  facet normal -6.246750e-001 -5.200793e-001 -5.824935e-001
    outer loop
      vertex -6.000000e+001 -3.187118e-001 -3.852568e-001
      vertex -4.500000e+001 -8.207322e+000 -9.428143e+000
      vertex -4.500000e+001 -8.441660e+000 -9.218914e+000
    endloop
  endfacet
  facet normal -6.246950e-001 -5.345415e-001 -5.692289e-001
    outer loop
      vertex -6.000000e+001 -3.187118e-001 -3.852568e-001
      vertex -4.500000e+001 -8.441660e+000 -9.218914e+000
      vertex -4.500000e+001 -8.670667e+000 -9.003862e+000
    endloop
  endfacet
  facet normal -6.247251e-001 -5.486606e-001 -5.555989e-001
    outer loop
      vertex -6.000000e+001 -3.187118e-001 -3.852568e-001
      vertex -4.500000e+001 -8.670667e+000 -9.003862e+000
      vertex -4.500000e+001 -8.894196e+000 -8.783125e+000
    endloop
  endfacet
  facet normal -6.244445e-001 -5.346830e-001 -5.693709e-001
    outer loop
      vertex -6.000000e+001 -3.187118e-001 -3.852568e-001
      vertex -4.500000e+001 -8.894196e+000 -8.783125e+000
      vertex -6.000000e+001 -3.644842e-001 -3.422737e-001
    endloop
  endfacet
  facet normal -6.246650e-001 -5.624834e-001 -5.416698e-001
    outer loop
      vertex -6.000000e+001 -3.644842e-001 -3.422737e-001
      vertex -4.500000e+001 -8.894196e+000 -8.783125e+000
      vertex -4.500000e+001 -9.112108e+000 -8.556839e+000
    endloop
  endfacet
  facet normal -6.246650e-001 -5.759189e-001 -5.273624e-001
    outer loop
      vertex -6.000000e+001 -3.644842e-001 -3.422737e-001
      vertex -4.500000e+001 -9.112108e+000 -8.556839e+000
      vertex -4.500000e+001 -9.324265e+000 -8.325149e+000
    endloop
  endfacet
  facet normal -6.246750e-001 -5.889844e-001 -5.127168e-001
    outer loop
      vertex -6.000000e+001 -3.644842e-001 -3.422737e-001
      vertex -4.500000e+001 -9.324265e+000 -8.325149e+000
      vertex -4.500000e+001 -9.530531e+000 -8.088200e+000
    endloop
  endfacet
  facet normal -6.246950e-001 -6.016695e-001 -4.977447e-001
    outer loop
      vertex -6.000000e+001 -3.644842e-001 -3.422737e-001
      vertex -4.500000e+001 -9.530531e+000 -8.088200e+000
      vertex -4.500000e+001 -9.730779e+000 -7.846142e+000
    endloop
  endfacet
  facet normal -6.247251e-001 -6.139689e-001 -4.824529e-001
    outer loop
      vertex -6.000000e+001 -3.644842e-001 -3.422737e-001
      vertex -4.500000e+001 -9.730779e+000 -7.846142e+000
      vertex -4.500000e+001 -9.924880e+000 -7.599129e+000
    endloop
  endfacet
  facet normal -6.244442e-001 -6.018205e-001 -4.978771e-001
    outer loop
      vertex -6.000000e+001 -3.644842e-001 -3.422737e-001
      vertex -4.500000e+001 -9.924880e+000 -7.599129e+000
      vertex -6.000000e+001 -4.045084e-001 -2.938928e-001
    endloop
  endfacet
  facet normal -6.246950e-001 -7.426504e-001 -2.413016e-001
    outer loop
      vertex -6.000000e+001 -4.842916e-001 -1.243450e-001
      vertex -6.000000e+001 -4.648882e-001 -1.840624e-001
      vertex -4.500000e+001 -1.193581e+001 -3.713020e+000
    endloop
  endfacet
  facet normal -6.246750e-001 -7.484956e-001 -2.225659e-001
    outer loop
      vertex -6.000000e+001 -4.842916e-001 -1.243450e-001
      vertex -4.500000e+001 -1.193581e+001 -3.713020e+000
      vertex -4.500000e+001 -1.202535e+001 -3.411899e+000
    endloop
  endfacet
  facet normal -6.246649e-001 -7.538597e-001 -2.036890e-001
    outer loop
      vertex -6.000000e+001 -4.842916e-001 -1.243450e-001
      vertex -4.500000e+001 -1.202535e+001 -3.411899e+000
      vertex -4.500000e+001 -1.210729e+001 -3.108624e+000
    endloop
  endfacet
  facet normal -6.246649e-001 -7.587400e-001 -1.846817e-001
    outer loop
      vertex -6.000000e+001 -4.842916e-001 -1.243450e-001
      vertex -4.500000e+001 -1.210729e+001 -3.108624e+000
      vertex -4.500000e+001 -1.218159e+001 -2.803385e+000
    endloop
  endfacet
  facet normal -6.246750e-001 -7.631342e-001 -1.655520e-001
    outer loop
      vertex -6.000000e+001 -4.842916e-001 -1.243450e-001
      vertex -4.500000e+001 -1.218159e+001 -2.803385e+000
      vertex -4.500000e+001 -1.224819e+001 -2.496375e+000
    endloop
  endfacet
  facet normal -6.246951e-001 -7.670373e-001 -1.463213e-001
    outer loop
      vertex -6.000000e+001 -4.842916e-001 -1.243450e-001
      vertex -4.500000e+001 -1.224819e+001 -2.496375e+000
      vertex -4.500000e+001 -1.230705e+001 -2.187788e+000
    endloop
  endfacet
  facet normal -6.247251e-001 -7.704487e-001 -1.269932e-001
    outer loop
      vertex -6.000000e+001 -4.842916e-001 -1.243450e-001
      vertex -4.500000e+001 -1.230705e+001 -2.187788e+000
      vertex -4.500000e+001 -1.235815e+001 -1.877820e+000
    endloop
  endfacet
  facet normal -6.244442e-001 -7.672331e-001 -1.463656e-001
    outer loop
      vertex -6.000000e+001 -4.842916e-001 -1.243450e-001
      vertex -4.500000e+001 -1.235815e+001 -1.877820e+000
      vertex -6.000000e+001 -4.960573e-001 -6.266665e-002
    endloop
  endfacet
  facet normal -6.246650e-001 -7.734442e-001 -1.076002e-001
    outer loop
      vertex -6.000000e+001 -4.960573e-001 -6.266665e-002
      vertex -4.500000e+001 -1.235815e+001 -1.877820e+000
      vertex -4.500000e+001 -1.240143e+001 -1.566665e+000
    endloop
  endfacet
  facet normal -6.246650e-001 -7.759040e-001 -8.812840e-002
    outer loop
      vertex -6.000000e+001 -4.960573e-001 -6.266665e-002
      vertex -4.500000e+001 -1.240143e+001 -1.566665e+000
      vertex -4.500000e+001 -1.243689e+001 -1.254521e+000
    endloop
  endfacet
  facet normal -6.246750e-001 -7.778657e-001 -6.860126e-002
    outer loop
      vertex -6.000000e+001 -4.960573e-001 -6.266665e-002
      vertex -4.500000e+001 -1.243689e+001 -1.254521e+000
      vertex -4.500000e+001 -1.246449e+001 -9.415851e-001
    endloop
  endfacet
  facet normal -6.246949e-001 -7.793279e-001 -4.903139e-002
    outer loop
      vertex -6.000000e+001 -4.960573e-001 -6.266665e-002
      vertex -4.500000e+001 -1.246449e+001 -9.415851e-001
      vertex -4.500000e+001 -1.248421e+001 -6.280540e-001
    endloop
  endfacet
  facet normal -6.247250e-001 -7.802899e-001 -2.943120e-002
    outer loop
      vertex -6.000000e+001 -4.960573e-001 -6.266665e-002
      vertex -4.500000e+001 -1.248421e+001 -6.280540e-001
      vertex -4.500000e+001 -1.249605e+001 -3.141262e-001
    endloop
  endfacet
  facet normal -6.244444e-001 -7.795281e-001 -4.904174e-002
    outer loop
      vertex -6.000000e+001 -4.960573e-001 -6.266665e-002
      vertex -4.500000e+001 -1.249605e+001 -3.141262e-001
      vertex -6.000000e+001 -5.000000e-001 -1.779718e-016
    endloop
  endfacet
  facet normal -6.246650e-001  7.808313e-001 -9.811796e-003
    outer loop
      vertex -6.000000e+001  5.000000e-001 -7.693928e-007
      vertex -4.500000e+001  1.250000e+001  1.530758e-015
      vertex -4.500000e+001  1.249605e+001 -3.141262e-001
    endloop
  endfacet
  facet normal -6.246750e-001  7.803299e-001 -2.943272e-002
    outer loop
      vertex -6.000000e+001  5.000000e-001 -7.693928e-007
      vertex -4.500000e+001  1.249605e+001 -3.141262e-001
      vertex -4.500000e+001  1.248421e+001 -6.280540e-001
    endloop
  endfacet
  facet normal -6.246950e-001  7.793279e-001 -4.903139e-002
    outer loop
      vertex -6.000000e+001  5.000000e-001 -7.693928e-007
      vertex -4.500000e+001  1.248421e+001 -6.280540e-001
      vertex -4.500000e+001  1.246449e+001 -9.415851e-001
    endloop
  endfacet
  facet normal -6.247250e-001  7.778258e-001 -6.859774e-002
    outer loop
      vertex -6.000000e+001  5.000000e-001 -7.693928e-007
      vertex -4.500000e+001  1.246449e+001 -9.415851e-001
      vertex -4.500000e+001  1.243689e+001 -1.254521e+000
    endloop
  endfacet
  facet normal -6.244443e-001  7.795281e-001 -4.904304e-002
    outer loop
      vertex -6.000000e+001  5.000000e-001 -7.693928e-007
      vertex -4.500000e+001  1.243689e+001 -1.254521e+000
      vertex -6.000000e+001  4.960575e-001 -6.266569e-002
    endloop
  endfacet
  facet normal -6.246650e-001  6.374747e-001 -4.510207e-001
    outer loop
      vertex -6.000000e+001  4.045089e-001 -2.938920e-001
      vertex -4.500000e+001  1.029416e+001 -7.090862e+000
      vertex -4.500000e+001  1.011271e+001 -7.347316e+000
    endloop
  endfacet
  facet normal -6.246650e-001  6.259373e-001 -4.669005e-001
    outer loop
      vertex -6.000000e+001  4.045089e-001 -2.938920e-001
      vertex -4.500000e+001  1.011271e+001 -7.347316e+000
      vertex -4.500000e+001  9.924880e+000 -7.599129e+000
    endloop
  endfacet
  facet normal -6.246750e-001  6.140004e-001 -4.824776e-001
    outer loop
      vertex -6.000000e+001  4.045089e-001 -2.938920e-001
      vertex -4.500000e+001  9.924880e+000 -7.599129e+000
      vertex -4.500000e+001  9.730779e+000 -7.846142e+000
    endloop
  endfacet
  facet normal -6.246950e-001  6.016695e-001 -4.977447e-001
    outer loop
      vertex -6.000000e+001  4.045089e-001 -2.938920e-001
      vertex -4.500000e+001  9.730779e+000 -7.846142e+000
      vertex -4.500000e+001  9.530531e+000 -8.088200e+000
    endloop
  endfacet
  facet normal -6.247251e-001  5.889543e-001 -5.126905e-001
    outer loop
      vertex -6.000000e+001  4.045089e-001 -2.938920e-001
      vertex -4.500000e+001  9.530531e+000 -8.088200e+000
      vertex -4.500000e+001  9.324265e+000 -8.325149e+000
    endloop
  endfacet
  facet normal -6.244442e-001  6.018287e-001 -4.978671e-001
    outer loop
      vertex -6.000000e+001  4.045089e-001 -2.938920e-001
      vertex -4.500000e+001  9.324265e+000 -8.325149e+000
      vertex -6.000000e+001  3.644848e-001 -3.422730e-001
    endloop
  endfacet
  facet normal -6.246650e-001  2.506215e-001 -7.395827e-001
    outer loop
      vertex -6.000000e+001  1.545091e-001 -4.755281e-001
      vertex -4.500000e+001  4.160244e+000 -1.178738e+001
      vertex -4.500000e+001  3.862712e+000 -1.188821e+001
    endloop
  endfacet
  facet normal -6.246650e-001  2.319581e-001 -7.456468e-001
    outer loop
      vertex -6.000000e+001  1.545091e-001 -4.755281e-001
      vertex -4.500000e+001  3.862712e+000 -1.188821e+001
      vertex -4.500000e+001  3.562741e+000 -1.198152e+001
    endloop
  endfacet
  facet normal -6.246750e-001  2.131431e-001 -7.512331e-001
    outer loop
      vertex -6.000000e+001  1.545091e-001 -4.755281e-001
      vertex -4.500000e+001  3.562741e+000 -1.198152e+001
      vertex -4.500000e+001  3.260519e+000 -1.206727e+001
    endloop
  endfacet
  facet normal -6.246950e-001  1.941937e-001 -7.563365e-001
    outer loop
      vertex -6.000000e+001  1.545091e-001 -4.755281e-001
      vertex -4.500000e+001  3.260519e+000 -1.206727e+001
      vertex -4.500000e+001  2.956238e+000 -1.214540e+001
    endloop
  endfacet
  facet normal -6.247251e-001  1.751221e-001 -7.609539e-001
    outer loop
      vertex -6.000000e+001  1.545091e-001 -4.755281e-001
      vertex -4.500000e+001  2.956238e+000 -1.214540e+001
      vertex -4.500000e+001  2.650089e+000 -1.221585e+001
    endloop
  endfacet
  facet normal -6.244443e-001  1.942448e-001 -7.565303e-001
    outer loop
      vertex -6.000000e+001  1.545091e-001 -4.755281e-001
      vertex -4.500000e+001  2.650089e+000 -1.221585e+001
      vertex -6.000000e+001  9.369119e-002 -4.911435e-001
    endloop
  endfacet
  facet normal -6.246650e-001 -2.319581e-001 -7.456468e-001
    outer loop
      vertex -6.000000e+001 -1.545081e-001 -4.755284e-001
      vertex -4.500000e+001 -3.562741e+000 -1.198152e+001
      vertex -4.500000e+001 -3.862712e+000 -1.188821e+001
    endloop
  endfacet
  facet normal -6.246650e-001 -2.506215e-001 -7.395827e-001
    outer loop
      vertex -6.000000e+001 -1.545081e-001 -4.755284e-001
      vertex -4.500000e+001 -3.862712e+000 -1.188821e+001
      vertex -4.500000e+001 -4.160244e+000 -1.178738e+001
    endloop
  endfacet
  facet normal -6.246750e-001 -2.691280e-001 -7.330425e-001
    outer loop
      vertex -6.000000e+001 -1.545081e-001 -4.755284e-001
      vertex -4.500000e+001 -4.160244e+000 -1.178738e+001
      vertex -4.500000e+001 -4.455149e+000 -1.167911e+001
    endloop
  endfacet
  facet normal -6.246950e-001 -2.874565e-001 -7.260336e-001
    outer loop
      vertex -6.000000e+001 -1.545081e-001 -4.755284e-001
      vertex -4.500000e+001 -4.455149e+000 -1.167911e+001
      vertex -4.500000e+001 -4.747239e+000 -1.156347e+001
    endloop
  endfacet
  facet normal -6.247251e-001 -3.056025e-001 -7.185581e-001
    outer loop
      vertex -6.000000e+001 -1.545081e-001 -4.755284e-001
      vertex -4.500000e+001 -4.747239e+000 -1.156347e+001
      vertex -4.500000e+001 -5.036330e+000 -1.144051e+001
    endloop
  endfacet
  facet normal -6.244445e-001 -2.875356e-001 -7.262179e-001
    outer loop
      vertex -6.000000e+001 -1.545081e-001 -4.755284e-001
      vertex -4.500000e+001 -5.036330e+000 -1.144051e+001
      vertex -6.000000e+001 -2.128893e-001 -4.524137e-001
    endloop
  endfacet
  facet normal -6.246650e-001 -6.259373e-001 -4.669005e-001
    outer loop
      vertex -6.000000e+001 -4.045084e-001 -2.938928e-001
      vertex -4.500000e+001 -9.924880e+000 -7.599129e+000
      vertex -4.500000e+001 -1.011271e+001 -7.347316e+000
    endloop
  endfacet
  facet normal -6.246650e-001 -6.374747e-001 -4.510207e-001
    outer loop
      vertex -6.000000e+001 -4.045084e-001 -2.938928e-001
      vertex -4.500000e+001 -1.011271e+001 -7.347316e+000
      vertex -4.500000e+001 -1.029416e+001 -7.090862e+000
    endloop
  endfacet
  facet normal -6.246750e-001 -6.485986e-001 -4.348573e-001
    outer loop
      vertex -6.000000e+001 -4.045084e-001 -2.938928e-001
      vertex -4.500000e+001 -1.029416e+001 -7.090862e+000
      vertex -4.500000e+001 -1.046910e+001 -6.829929e+000
    endloop
  endfacet
  facet normal -6.246951e-001 -6.593097e-001 -4.184099e-001
    outer loop
      vertex -6.000000e+001 -4.045084e-001 -2.938928e-001
      vertex -4.500000e+001 -1.046910e+001 -6.829929e+000
      vertex -4.500000e+001 -1.063743e+001 -6.564683e+000
    endloop
  endfacet
  facet normal -6.247250e-001 -6.695954e-001 -4.016971e-001
    outer loop
      vertex -6.000000e+001 -4.045084e-001 -2.938928e-001
      vertex -4.500000e+001 -1.063743e+001 -6.564683e+000
      vertex -4.500000e+001 -1.079904e+001 -6.295290e+000
    endloop
  endfacet
  facet normal -6.244444e-001 -6.594793e-001 -4.185168e-001
    outer loop
      vertex -6.000000e+001 -4.045084e-001 -2.938928e-001
      vertex -4.500000e+001 -1.079904e+001 -6.295290e+000
      vertex -6.000000e+001 -4.381533e-001 -2.408770e-001
    endloop
  endfacet
  facet normal -6.246650e-001  7.587400e-001 -1.846817e-001
    outer loop
      vertex -4.500000e+001  1.210729e+001 -3.108624e+000
      vertex -6.000000e+001  4.842918e-001 -1.243441e-001
      vertex -4.500000e+001  1.218159e+001 -2.803385e+000
    endloop
  endfacet
  facet normal -6.244443e-001  7.672352e-001 -1.463541e-001
    outer loop
      vertex -4.500000e+001  1.218159e+001 -2.803385e+000
      vertex -6.000000e+001  4.842918e-001 -1.243441e-001
      vertex -6.000000e+001  4.960575e-001 -6.266569e-002
    endloop
  endfacet
  facet normal -6.247250e-001  7.630949e-001 -1.655435e-001
    outer loop
      vertex -4.500000e+001  1.218159e+001 -2.803385e+000
      vertex -6.000000e+001  4.960575e-001 -6.266569e-002
      vertex -4.500000e+001  1.224819e+001 -2.496375e+000
    endloop
  endfacet
  facet normal -6.246650e-001  5.052803e-001 -5.953869e-001
    outer loop
      vertex -4.500000e+001  7.967800e+000 -9.631415e+000
      vertex -6.000000e+001  3.187125e-001 -3.852562e-001
      vertex -4.500000e+001  8.207322e+000 -9.428143e+000
    endloop
  endfacet
  facet normal -6.244443e-001  5.346802e-001 -5.693737e-001
    outer loop
      vertex -4.500000e+001  8.207322e+000 -9.428143e+000
      vertex -6.000000e+001  3.187125e-001 -3.852562e-001
      vertex -6.000000e+001  3.644848e-001 -3.422730e-001
    endloop
  endfacet
  facet normal -6.247251e-001  5.200526e-001 -5.824636e-001
    outer loop
      vertex -4.500000e+001  8.207322e+000 -9.428143e+000
      vertex -6.000000e+001  3.644848e-001 -3.422730e-001
      vertex -4.500000e+001  8.441660e+000 -9.218914e+000
    endloop
  endfacet
  facet normal -6.246650e-001  5.882336e-002 -7.786742e-001
    outer loop
      vertex -4.500000e+001  7.848815e-001 -1.247533e+001
      vertex -6.000000e+001  3.139576e-002 -4.990133e-001
      vertex -4.500000e+001  1.098140e+000 -1.245167e+001
    endloop
  endfacet
  facet normal -6.244443e-001  9.789365e-002 -7.749103e-001
    outer loop
      vertex -4.500000e+001  1.098140e+000 -1.245167e+001
      vertex -6.000000e+001  3.139576e-002 -4.990133e-001
      vertex -6.000000e+001  9.369119e-002 -4.911435e-001
    endloop
  endfacet
  facet normal -6.247251e-001  7.836628e-002 -7.769024e-001
    outer loop
      vertex -4.500000e+001  1.098140e+000 -1.245167e+001
      vertex -6.000000e+001  9.369119e-002 -4.911435e-001
      vertex -4.500000e+001  1.410705e+000 -1.242014e+001
    endloop
  endfacet
  facet normal -6.246650e-001 -4.101045e-001 -6.645359e-001
    outer loop
      vertex -4.500000e+001 -6.697835e+000 -1.055410e+001
      vertex -6.000000e+001 -2.679131e-001 -4.221641e-001
      vertex -4.500000e+001 -6.430494e+000 -1.071908e+001
    endloop
  endfacet
  facet normal -6.244443e-001 -3.762813e-001 -6.844572e-001
    outer loop
      vertex -4.500000e+001 -6.430494e+000 -1.071908e+001
      vertex -6.000000e+001 -2.679131e-001 -4.221641e-001
      vertex -6.000000e+001 -2.128893e-001 -4.524137e-001
    endloop
  endfacet
  facet normal -6.247251e-001 -3.932531e-001 -6.745892e-001
    outer loop
      vertex -4.500000e+001 -6.430494e+000 -1.071908e+001
      vertex -6.000000e+001 -2.128893e-001 -4.524137e-001
      vertex -4.500000e+001 -6.159092e+000 -1.087730e+001
    endloop
  endfacet
  facet normal -6.246650e-001 -7.223867e-001 -2.965657e-001
    outer loop
      vertex -4.500000e+001 -1.162221e+001 -4.601557e+000
      vertex -6.000000e+001 -4.648882e-001 -1.840624e-001
      vertex -4.500000e+001 -1.150290e+001 -4.892171e+000
    endloop
  endfacet
  facet normal -6.244443e-001 -7.067310e-001 -3.325668e-001
    outer loop
      vertex -4.500000e+001 -1.150290e+001 -4.892171e+000
      vertex -6.000000e+001 -4.648882e-001 -1.840624e-001
      vertex -6.000000e+001 -4.381533e-001 -2.408770e-001
    endloop
  endfacet
  facet normal -6.247251e-001 -7.146612e-001 -3.146078e-001
    outer loop
      vertex -4.500000e+001 -1.150290e+001 -4.892171e+000
      vertex -6.000000e+001 -4.381533e-001 -2.408770e-001
      vertex -4.500000e+001 -1.137632e+001 -5.179695e+000
    endloop
  endfacet
  facet normal  1.000000e+000  0.000000e+000  0.000000e+000
    outer loop
      vertex  0.000000e+000 -1.250000e+001  0.000000e+000
      vertex  0.000000e+000  1.249605e+001  3.141262e-001
      vertex  0.000000e+000 -1.249605e+001  3.141262e-001
    endloop
  endfacet
  facet normal  1.000000e+000  0.000000e+000  0.000000e+000
    outer loop
      vertex  0.000000e+000 -1.249605e+001  3.141262e-001
      vertex  0.000000e+000  1.249605e+001  3.141262e-001
      vertex  0.000000e+000  1.248421e+001  6.280540e-001
    endloop
  endfacet
  facet normal  1.000000e+000  0.000000e+000  0.000000e+000
    outer loop
      vertex  0.000000e+000 -1.249605e+001  3.141262e-001
      vertex  0.000000e+000  1.248421e+001  6.280540e-001
      vertex  0.000000e+000 -1.248421e+001  6.280540e-001
    endloop
  endfacet
  facet normal  1.000000e+000  0.000000e+000  0.000000e+000
    outer loop
      vertex  0.000000e+000 -1.248421e+001  6.280540e-001
      vertex  0.000000e+000  1.248421e+001  6.280540e-001
      vertex  0.000000e+000  1.246449e+001  9.415851e-001
    endloop
  endfacet
  facet normal  1.000000e+000  0.000000e+000  0.000000e+000
    outer loop
      vertex  0.000000e+000 -1.248421e+001  6.280540e-001
      vertex  0.000000e+000  1.246449e+001  9.415851e-001
      vertex  0.000000e+000 -1.246449e+001  9.415851e-001
    endloop
  endfacet
  facet normal  1.000000e+000  0.000000e+000  0.000000e+000
    outer loop
      vertex  0.000000e+000 -1.246449e+001  9.415851e-001
      vertex  0.000000e+000  1.246449e+001  9.415851e-001
      vertex  0.000000e+000  1.243689e+001  1.254521e+000
    endloop
  endfacet
  facet normal  1.000000e+000  0.000000e+000  0.000000e+000
    outer loop
      vertex  0.000000e+000 -1.246449e+001  9.415851e-001
      vertex  0.000000e+000  1.243689e+001  1.254521e+000
      vertex  0.000000e+000 -1.243689e+001  1.254521e+000
    endloop
  endfacet
  facet normal  1.000000e+000  0.000000e+000  0.000000e+000
    outer loop
      vertex  0.000000e+000 -1.243689e+001  1.254521e+000
      vertex  0.000000e+000  1.243689e+001  1.254521e+000
      vertex  0.000000e+000  1.240143e+001  1.566665e+000
    endloop
  endfacet
  facet normal  1.000000e+000  0.000000e+000  0.000000e+000
    outer loop
      vertex  0.000000e+000 -1.243689e+001  1.254521e+000
      vertex  0.000000e+000  1.240143e+001  1.566665e+000
      vertex  0.000000e+000 -1.240143e+001  1.566665e+000
    endloop
  endfacet
  facet normal  9.999999e-001  0.000000e+000  0.000000e+000
    outer loop
      vertex  0.000000e+000 -1.240143e+001  1.566665e+000
      vertex  0.000000e+000  1.240143e+001  1.566665e+000
      vertex  0.000000e+000  1.235815e+001  1.877820e+000
    endloop
  endfacet
  facet normal  1.000000e+000  0.000000e+000  0.000000e+000
    outer loop
      vertex  0.000000e+000 -1.240143e+001  1.566665e+000
      vertex  0.000000e+000  1.235815e+001  1.877820e+000
      vertex  0.000000e+000 -1.235815e+001  1.877820e+000
    endloop
  endfacet
  facet normal  9.999999e-001  0.000000e+000  0.000000e+000
    outer loop
      vertex  0.000000e+000 -1.235815e+001  1.877820e+000
      vertex  0.000000e+000  1.235815e+001  1.877820e+000
      vertex  0.000000e+000  1.230705e+001  2.187788e+000
    endloop
  endfacet
  facet normal  1.000000e+000  0.000000e+000  0.000000e+000
    outer loop
      vertex  0.000000e+000 -1.235815e+001  1.877820e+000
      vertex  0.000000e+000  1.230705e+001  2.187788e+000
      vertex  0.000000e+000 -1.230705e+001  2.187788e+000
    endloop
  endfacet
  facet normal  1.000000e+000  0.000000e+000  0.000000e+000
    outer loop
      vertex  0.000000e+000 -1.230705e+001  2.187788e+000
      vertex  0.000000e+000  1.230705e+001  2.187788e+000
      vertex  0.000000e+000  1.224819e+001  2.496375e+000
    endloop
  endfacet
  facet normal  1.000000e+000  0.000000e+000  0.000000e+000
    outer loop
      vertex  0.000000e+000 -1.230705e+001  2.187788e+000
      vertex  0.000000e+000  1.224819e+001  2.496375e+000
      vertex  0.000000e+000 -1.224819e+001  2.496375e+000
    endloop
  endfacet
  facet normal  9.999999e-001  0.000000e+000  0.000000e+000
    outer loop
      vertex  0.000000e+000 -1.224819e+001  2.496375e+000
      vertex  0.000000e+000  1.224819e+001  2.496375e+000
      vertex  0.000000e+000  1.218159e+001  2.803385e+000
    endloop
  endfacet
  facet normal  1.000000e+000  0.000000e+000  0.000000e+000
    outer loop
      vertex  0.000000e+000 -1.224819e+001  2.496375e+000
      vertex  0.000000e+000  1.218159e+001  2.803385e+000
      vertex  0.000000e+000 -1.218159e+001  2.803385e+000
    endloop
  endfacet
  facet normal  1.000000e+000  0.000000e+000  0.000000e+000
    outer loop
      vertex  0.000000e+000 -1.218159e+001  2.803385e+000
      vertex  0.000000e+000  1.218159e+001  2.803385e+000
      vertex  0.000000e+000  1.210729e+001  3.108624e+000
    endloop
  endfacet
  facet normal  1.000000e+000  0.000000e+000  0.000000e+000
    outer loop
      vertex  0.000000e+000 -1.218159e+001  2.803385e+000
      vertex  0.000000e+000  1.210729e+001  3.108624e+000
      vertex  0.000000e+000 -1.210729e+001  3.108624e+000
    endloop
  endfacet
  facet normal  9.999999e-001  0.000000e+000  0.000000e+000
    outer loop
      vertex  0.000000e+000 -1.210729e+001  3.108624e+000
      vertex  0.000000e+000  1.210729e+001  3.108624e+000
      vertex  0.000000e+000  1.202535e+001  3.411899e+000
    endloop
  endfacet
  facet normal  1.000000e+000  0.000000e+000  0.000000e+000
    outer loop
      vertex  0.000000e+000 -1.210729e+001  3.108624e+000
      vertex  0.000000e+000  1.202535e+001  3.411899e+000
      vertex  0.000000e+000 -1.202535e+001  3.411899e+000
    endloop
  endfacet
  facet normal  1.000000e+000  0.000000e+000  0.000000e+000
    outer loop
      vertex  0.000000e+000 -1.202535e+001  3.411899e+000
      vertex  0.000000e+000  1.202535e+001  3.411899e+000
      vertex  0.000000e+000  1.193581e+001  3.713020e+000
    endloop
  endfacet
  facet normal  1.000000e+000  0.000000e+000  0.000000e+000
    outer loop
      vertex  0.000000e+000 -1.202535e+001  3.411899e+000
      vertex  0.000000e+000  1.193581e+001  3.713020e+000
      vertex  0.000000e+000 -1.193581e+001  3.713020e+000
    endloop
  endfacet
  facet normal  1.000000e+000  0.000000e+000  0.000000e+000
    outer loop
      vertex  0.000000e+000 -1.193581e+001  3.713020e+000
      vertex  0.000000e+000  1.193581e+001  3.713020e+000
      vertex  0.000000e+000  1.183873e+001  4.011795e+000
    endloop
  endfacet
  facet normal  1.000000e+000  0.000000e+000  0.000000e+000
    outer loop
      vertex  0.000000e+000 -1.193581e+001  3.713020e+000
      vertex  0.000000e+000  1.183873e+001  4.011795e+000
      vertex  0.000000e+000 -1.183873e+001  4.011795e+000
    endloop
  endfacet
  facet normal  1.000000e+000  0.000000e+000  0.000000e+000
    outer loop
      vertex  0.000000e+000 -1.183873e+001  4.011795e+000
      vertex  0.000000e+000  1.183873e+001  4.011795e+000
      vertex  0.000000e+000  1.173417e+001  4.308036e+000
    endloop
  endfacet
  facet normal  1.000000e+000  0.000000e+000  0.000000e+000
    outer loop
      vertex  0.000000e+000 -1.183873e+001  4.011795e+000
      vertex  0.000000e+000  1.173417e+001  4.308036e+000
      vertex  0.000000e+000 -1.173417e+001  4.308036e+000
    endloop
  endfacet
  facet normal  1.000000e+000  0.000000e+000  0.000000e+000
    outer loop
      vertex  0.000000e+000 -1.173417e+001  4.308036e+000
      vertex  0.000000e+000  1.173417e+001  4.308036e+000
      vertex  0.000000e+000  1.162221e+001  4.601557e+000
    endloop
  endfacet
  facet normal  1.000000e+000  0.000000e+000  0.000000e+000
    outer loop
      vertex  0.000000e+000 -1.173417e+001  4.308036e+000
      vertex  0.000000e+000  1.162221e+001  4.601557e+000
      vertex  0.000000e+000 -1.162221e+001  4.601557e+000
    endloop
  endfacet
  facet normal  1.000000e+000  0.000000e+000  0.000000e+000
    outer loop
      vertex  0.000000e+000 -1.162221e+001  4.601557e+000
      vertex  0.000000e+000  1.162221e+001  4.601557e+000
      vertex  0.000000e+000  1.150290e+001  4.892171e+000
    endloop
  endfacet
  facet normal  9.999999e-001  0.000000e+000  0.000000e+000
    outer loop
      vertex  0.000000e+000 -1.162221e+001  4.601557e+000
      vertex  0.000000e+000  1.150290e+001  4.892171e+000
      vertex  0.000000e+000 -1.150290e+001  4.892171e+000
    endloop
  endfacet
  facet normal  1.000000e+000  0.000000e+000  0.000000e+000
    outer loop
      vertex  0.000000e+000 -1.150290e+001  4.892171e+000
      vertex  0.000000e+000  1.150290e+001  4.892171e+000
      vertex  0.000000e+000  1.137632e+001  5.179695e+000
    endloop
  endfacet
  facet normal  1.000000e+000  0.000000e+000  0.000000e+000
    outer loop
      vertex  0.000000e+000 -1.150290e+001  4.892171e+000
      vertex  0.000000e+000  1.137632e+001  5.179695e+000
      vertex  0.000000e+000 -1.137632e+001  5.179695e+000
    endloop
  endfacet
  facet normal  1.000000e+000  0.000000e+000  0.000000e+000
    outer loop
      vertex  0.000000e+000 -1.137632e+001  5.179695e+000
      vertex  0.000000e+000  1.137632e+001  5.179695e+000
      vertex  0.000000e+000  1.124257e+001  5.463947e+000
    endloop
  endfacet
  facet normal  1.000000e+000  0.000000e+000  0.000000e+000
    outer loop
      vertex  0.000000e+000 -1.137632e+001  5.179695e+000
      vertex  0.000000e+000  1.124257e+001  5.463947e+000
      vertex  0.000000e+000 -1.124257e+001  5.463947e+000
    endloop
  endfacet
  facet normal  1.000000e+000  0.000000e+000  0.000000e+000
    outer loop
      vertex  0.000000e+000 -1.124257e+001  5.463947e+000
      vertex  0.000000e+000  1.124257e+001  5.463947e+000
      vertex  0.000000e+000  1.110171e+001  5.744748e+000
    endloop
  endfacet
  facet normal  1.000000e+000  0.000000e+000  0.000000e+000
    outer loop
      vertex  0.000000e+000 -1.124257e+001  5.463947e+000
      vertex  0.000000e+000  1.110171e+001  5.744748e+000
      vertex  0.000000e+000 -1.110171e+001  5.744748e+000
    endloop
  endfacet
  facet normal  1.000000e+000  0.000000e+000  0.000000e+000
    outer loop
      vertex  0.000000e+000 -1.110171e+001  5.744748e+000
      vertex  0.000000e+000  1.110171e+001  5.744748e+000
      vertex  0.000000e+000  1.095383e+001  6.021921e+000
    endloop
  endfacet
  facet normal  1.000000e+000  0.000000e+000  0.000000e+000
    outer loop
      vertex  0.000000e+000 -1.110171e+001  5.744748e+000
      vertex  0.000000e+000  1.095383e+001  6.021921e+000
      vertex  0.000000e+000 -1.095383e+001  6.021921e+000
    endloop
  endfacet
  facet normal  1.000000e+000  0.000000e+000  0.000000e+000
    outer loop
      vertex  0.000000e+000 -1.095383e+001  6.021921e+000
      vertex  0.000000e+000  1.095383e+001  6.021921e+000
      vertex  0.000000e+000  1.079904e+001  6.295290e+000
    endloop
  endfacet
  facet normal  1.000000e+000  0.000000e+000  0.000000e+000
    outer loop
      vertex  0.000000e+000 -1.095383e+001  6.021921e+000
      vertex  0.000000e+000  1.079904e+001  6.295290e+000
      vertex  0.000000e+000 -1.079904e+001  6.295290e+000
    endloop
  endfacet
  facet normal  9.999999e-001  0.000000e+000  0.000000e+000
    outer loop
      vertex  0.000000e+000 -1.079904e+001  6.295290e+000
      vertex  0.000000e+000  1.079904e+001  6.295290e+000
      vertex  0.000000e+000  1.063743e+001  6.564683e+000
    endloop
  endfacet
  facet normal  1.000000e+000  0.000000e+000  0.000000e+000
    outer loop
      vertex  0.000000e+000 -1.079904e+001  6.295290e+000
      vertex  0.000000e+000  1.063743e+001  6.564683e+000
      vertex  0.000000e+000 -1.063743e+001  6.564683e+000
    endloop
  endfacet
  facet normal  1.000000e+000  0.000000e+000  0.000000e+000
    outer loop
      vertex  0.000000e+000 -1.063743e+001  6.564683e+000
      vertex  0.000000e+000  1.063743e+001  6.564683e+000
      vertex  0.000000e+000  1.046910e+001  6.829929e+000
    endloop
  endfacet
  facet normal  1.000000e+000  0.000000e+000  0.000000e+000
    outer loop
      vertex  0.000000e+000 -1.063743e+001  6.564683e+000
      vertex  0.000000e+000  1.046910e+001  6.829929e+000
      vertex  0.000000e+000 -1.046910e+001  6.829929e+000
    endloop
  endfacet
  facet normal  1.000000e+000  0.000000e+000  0.000000e+000
    outer loop
      vertex  0.000000e+000 -1.046910e+001  6.829929e+000
      vertex  0.000000e+000  1.046910e+001  6.829929e+000
      vertex  0.000000e+000  1.029416e+001  7.090862e+000
    endloop
  endfacet
  facet normal  1.000000e+000  0.000000e+000  0.000000e+000
    outer loop
      vertex  0.000000e+000 -1.046910e+001  6.829929e+000
      vertex  0.000000e+000  1.029416e+001  7.090862e+000
      vertex  0.000000e+000 -1.029416e+001  7.090862e+000
    endloop
  endfacet
  facet normal  1.000000e+000  0.000000e+000  0.000000e+000
    outer loop
      vertex  0.000000e+000 -1.029416e+001  7.090862e+000
      vertex  0.000000e+000  1.029416e+001  7.090862e+000
      vertex  0.000000e+000  1.011271e+001  7.347316e+000
    endloop
  endfacet
  facet normal  1.000000e+000  0.000000e+000  0.000000e+000
    outer loop
      vertex  0.000000e+000 -1.029416e+001  7.090862e+000
      vertex  0.000000e+000  1.011271e+001  7.347316e+000
      vertex  0.000000e+000 -1.011271e+001  7.347316e+000
    endloop
  endfacet
  facet normal  1.000000e+000  0.000000e+000  0.000000e+000
    outer loop
      vertex  0.000000e+000 -1.011271e+001  7.347316e+000
      vertex  0.000000e+000  1.011271e+001  7.347316e+000
      vertex  0.000000e+000  9.924880e+000  7.599129e+000
    endloop
  endfacet
  facet normal  1.000000e+000  0.000000e+000  0.000000e+000
    outer loop
      vertex  0.000000e+000 -1.011271e+001  7.347316e+000
      vertex  0.000000e+000  9.924880e+000  7.599129e+000
      vertex  0.000000e+000 -9.924880e+000  7.599129e+000
    endloop
  endfacet
  facet normal  1.000000e+000  0.000000e+000  0.000000e+000
    outer loop
      vertex  0.000000e+000 -9.924880e+000  7.599129e+000
      vertex  0.000000e+000  9.924880e+000  7.599129e+000
      vertex  0.000000e+000  9.730779e+000  7.846142e+000
    endloop
  endfacet
  facet normal  1.000000e+000  0.000000e+000  0.000000e+000
    outer loop
      vertex  0.000000e+000 -9.924880e+000  7.599129e+000
      vertex  0.000000e+000  9.730779e+000  7.846142e+000
      vertex  0.000000e+000 -9.730779e+000  7.846142e+000
    endloop
  endfacet
  facet normal  1.000000e+000  0.000000e+000  0.000000e+000
    outer loop
      vertex  0.000000e+000 -9.730779e+000  7.846142e+000
      vertex  0.000000e+000  9.730779e+000  7.846142e+000
      vertex  0.000000e+000  9.530531e+000  8.088200e+000
    endloop
  endfacet
  facet normal  1.000000e+000  0.000000e+000  0.000000e+000
    outer loop
      vertex  0.000000e+000 -9.730779e+000  7.846142e+000
      vertex  0.000000e+000  9.530531e+000  8.088200e+000
      vertex  0.000000e+000 -9.530531e+000  8.088200e+000
    endloop
  endfacet
  facet normal  1.000000e+000  0.000000e+000  0.000000e+000
    outer loop
      vertex  0.000000e+000 -9.530531e+000  8.088200e+000
      vertex  0.000000e+000  9.530531e+000  8.088200e+000
      vertex  0.000000e+000  9.324265e+000  8.325149e+000
    endloop
  endfacet
  facet normal  1.000000e+000  0.000000e+000  0.000000e+000
    outer loop
      vertex  0.000000e+000 -9.530531e+000  8.088200e+000
      vertex  0.000000e+000  9.324265e+000  8.325149e+000
      vertex  0.000000e+000 -9.324265e+000  8.325149e+000
    endloop
  endfacet
  facet normal  1.000000e+000  0.000000e+000  0.000000e+000
    outer loop
      vertex  0.000000e+000 -9.324265e+000  8.325149e+000
      vertex  0.000000e+000  9.324265e+000  8.325149e+000
      vertex  0.000000e+000  9.112108e+000  8.556839e+000
    endloop
  endfacet
  facet normal  1.000000e+000  0.000000e+000  0.000000e+000
    outer loop
      vertex  0.000000e+000 -9.324265e+000  8.325149e+000
      vertex  0.000000e+000  9.112108e+000  8.556839e+000
      vertex  0.000000e+000 -9.112108e+000  8.556839e+000
    endloop
  endfacet
  facet normal  1.000000e+000  0.000000e+000  0.000000e+000
    outer loop
      vertex  0.000000e+000 -9.112108e+000  8.556839e+000
      vertex  0.000000e+000  9.112108e+000  8.556839e+000
      vertex  0.000000e+000  8.894196e+000  8.783125e+000
    endloop
  endfacet
  facet normal  1.000000e+000  0.000000e+000  0.000000e+000
    outer loop
      vertex  0.000000e+000 -9.112108e+000  8.556839e+000
      vertex  0.000000e+000  8.894196e+000  8.783125e+000
      vertex  0.000000e+000 -8.894196e+000  8.783125e+000
    endloop
  endfacet
  facet normal  9.999999e-001  0.000000e+000  0.000000e+000
    outer loop
      vertex  0.000000e+000 -8.894196e+000  8.783125e+000
      vertex  0.000000e+000  8.894196e+000  8.783125e+000
      vertex  0.000000e+000  8.670667e+000  9.003862e+000
    endloop
  endfacet
  facet normal  1.000000e+000  0.000000e+000  0.000000e+000
    outer loop
      vertex  0.000000e+000 -8.894196e+000  8.783125e+000
      vertex  0.000000e+000  8.670667e+000  9.003862e+000
      vertex  0.000000e+000 -8.670667e+000  9.003862e+000
    endloop
  endfacet
  facet normal  9.999999e-001  0.000000e+000  0.000000e+000
    outer loop
      vertex  0.000000e+000 -8.670667e+000  9.003862e+000
      vertex  0.000000e+000  8.670667e+000  9.003862e+000
      vertex  0.000000e+000  8.441660e+000  9.218914e+000
    endloop
  endfacet
  facet normal  1.000000e+000  0.000000e+000  0.000000e+000
    outer loop
      vertex  0.000000e+000 -8.670667e+000  9.003862e+000
      vertex  0.000000e+000  8.441660e+000  9.218914e+000
      vertex  0.000000e+000 -8.441660e+000  9.218914e+000
    endloop
  endfacet
  facet normal  1.000000e+000  0.000000e+000  0.000000e+000
    outer loop
      vertex  0.000000e+000 -8.441660e+000  9.218914e+000
      vertex  0.000000e+000  8.441660e+000  9.218914e+000
      vertex  0.000000e+000  8.207322e+000  9.428143e+000
    endloop
  endfacet
  facet normal  1.000000e+000  0.000000e+000  0.000000e+000
    outer loop
      vertex  0.000000e+000 -8.441660e+000  9.218914e+000
      vertex  0.000000e+000  8.207322e+000  9.428143e+000
      vertex  0.000000e+000 -8.207322e+000  9.428143e+000
    endloop
  endfacet
  facet normal  1.000000e+000  0.000000e+000  0.000000e+000
    outer loop
      vertex  0.000000e+000 -8.207322e+000  9.428143e+000
      vertex  0.000000e+000  8.207322e+000  9.428143e+000
      vertex  0.000000e+000  7.967800e+000  9.631415e+000
    endloop
  endfacet
  facet normal  9.999999e-001  0.000000e+000  0.000000e+000
    outer loop
      vertex  0.000000e+000 -8.207322e+000  9.428143e+000
      vertex  0.000000e+000  7.967800e+000  9.631415e+000
      vertex  0.000000e+000 -7.967800e+000  9.631415e+000
    endloop
  endfacet
  facet normal  1.000000e+000  0.000000e+000  0.000000e+000
    outer loop
      vertex  0.000000e+000 -7.967800e+000  9.631415e+000
      vertex  0.000000e+000  7.967800e+000  9.631415e+000
      vertex  0.000000e+000  7.723245e+000  9.828606e+000
    endloop
  endfacet
  facet normal  1.000000e+000  0.000000e+000  0.000000e+000
    outer loop
      vertex  0.000000e+000 -7.967800e+000  9.631415e+000
      vertex  0.000000e+000  7.723245e+000  9.828606e+000
      vertex  0.000000e+000 -7.723245e+000  9.828606e+000
    endloop
  endfacet
  facet normal  9.999999e-001  0.000000e+000  0.000000e+000
    outer loop
      vertex  0.000000e+000 -7.723245e+000  9.828606e+000
      vertex  0.000000e+000  7.723245e+000  9.828606e+000
      vertex  0.000000e+000  7.473812e+000  1.001959e+001
    endloop
  endfacet
  facet normal  1.000000e+000  0.000000e+000  0.000000e+000
    outer loop
      vertex  0.000000e+000 -7.723245e+000  9.828606e+000
      vertex  0.000000e+000  7.473812e+000  1.001959e+001
      vertex  0.000000e+000 -7.473812e+000  1.001959e+001
    endloop
  endfacet
  facet normal  1.000000e+000  0.000000e+000  0.000000e+000
    outer loop
      vertex  0.000000e+000 -7.473812e+000  1.001959e+001
      vertex  0.000000e+000  7.473812e+000  1.001959e+001
      vertex  0.000000e+000  7.219659e+000  1.020424e+001
    endloop
  endfacet
  facet normal  1.000000e+000  0.000000e+000  0.000000e+000
    outer loop
      vertex  0.000000e+000 -7.473812e+000  1.001959e+001
      vertex  0.000000e+000  7.219659e+000  1.020424e+001
      vertex  0.000000e+000 -7.219659e+000  1.020424e+001
    endloop
  endfacet
  facet normal  1.000000e+000  0.000000e+000  0.000000e+000
    outer loop
      vertex  0.000000e+000 -7.219659e+000  1.020424e+001
      vertex  0.000000e+000  7.219659e+000  1.020424e+001
      vertex  0.000000e+000  6.960945e+000  1.038245e+001
    endloop
  endfacet
  facet normal  1.000000e+000  0.000000e+000  0.000000e+000
    outer loop
      vertex  0.000000e+000 -7.219659e+000  1.020424e+001
      vertex  0.000000e+000  6.960945e+000  1.038245e+001
      vertex  0.000000e+000 -6.960945e+000  1.038245e+001
    endloop
  endfacet
  facet normal  1.000000e+000  0.000000e+000  0.000000e+000
    outer loop
      vertex  0.000000e+000 -6.960945e+000  1.038245e+001
      vertex  0.000000e+000  6.960945e+000  1.038245e+001
      vertex  0.000000e+000  6.697835e+000  1.055410e+001
    endloop
  endfacet
  facet normal  1.000000e+000  0.000000e+000  0.000000e+000
    outer loop
      vertex  0.000000e+000 -6.960945e+000  1.038245e+001
      vertex  0.000000e+000  6.697835e+000  1.055410e+001
      vertex  0.000000e+000 -6.697835e+000  1.055410e+001
    endloop
  endfacet
  facet normal  9.999999e-001  0.000000e+000  0.000000e+000
    outer loop
      vertex  0.000000e+000 -6.697835e+000  1.055410e+001
      vertex  0.000000e+000  6.697835e+000  1.055410e+001
      vertex  0.000000e+000  6.430494e+000  1.071908e+001
    endloop
  endfacet
  facet normal  1.000000e+000  0.000000e+000  0.000000e+000
    outer loop
      vertex  0.000000e+000 -6.697835e+000  1.055410e+001
      vertex  0.000000e+000  6.430494e+000  1.071908e+001
      vertex  0.000000e+000 -6.430494e+000  1.071908e+001
    endloop
  endfacet
  facet normal  1.000000e+000  0.000000e+000  0.000000e+000
    outer loop
      vertex  0.000000e+000 -6.430494e+000  1.071908e+001
      vertex  0.000000e+000  6.430494e+000  1.071908e+001
      vertex  0.000000e+000  6.159092e+000  1.087730e+001
    endloop
  endfacet
  facet normal  1.000000e+000  0.000000e+000  0.000000e+000
    outer loop
      vertex  0.000000e+000 -6.430494e+000  1.071908e+001
      vertex  0.000000e+000  6.159092e+000  1.087730e+001
      vertex  0.000000e+000 -6.159092e+000  1.087730e+001
    endloop
  endfacet
  facet normal  1.000000e+000  0.000000e+000  0.000000e+000
    outer loop
      vertex  0.000000e+000 -6.159092e+000  1.087730e+001
      vertex  0.000000e+000  6.159092e+000  1.087730e+001
      vertex  0.000000e+000  5.883799e+000  1.102864e+001
    endloop
  endfacet
  facet normal  1.000000e+000  0.000000e+000  0.000000e+000
    outer loop
      vertex  0.000000e+000 -6.159092e+000  1.087730e+001
      vertex  0.000000e+000  5.883799e+000  1.102864e+001
      vertex  0.000000e+000 -5.883799e+000  1.102864e+001
    endloop
  endfacet
  facet normal  1.000000e+000  0.000000e+000  0.000000e+000
    outer loop
      vertex  0.000000e+000 -5.883799e+000  1.102864e+001
      vertex  0.000000e+000  5.883799e+000  1.102864e+001
      vertex  0.000000e+000  5.604790e+000  1.117302e+001
    endloop
  endfacet
  facet normal  1.000000e+000  0.000000e+000  0.000000e+000
    outer loop
      vertex  0.000000e+000 -5.883799e+000  1.102864e+001
      vertex  0.000000e+000  5.604790e+000  1.117302e+001
      vertex  0.000000e+000 -5.604790e+000  1.117302e+001
    endloop
  endfacet
  facet normal  1.000000e+000  0.000000e+000  0.000000e+000
    outer loop
      vertex  0.000000e+000 -5.604790e+000  1.117302e+001
      vertex  0.000000e+000  5.604790e+000  1.117302e+001
      vertex  0.000000e+000  5.322241e+000  1.131034e+001
    endloop
  endfacet
  facet normal  1.000000e+000  0.000000e+000  0.000000e+000
    outer loop
      vertex  0.000000e+000 -5.604790e+000  1.117302e+001
      vertex  0.000000e+000  5.322241e+000  1.131034e+001
      vertex  0.000000e+000 -5.322241e+000  1.131034e+001
    endloop
  endfacet
  facet normal  9.999999e-001  0.000000e+000  0.000000e+000
    outer loop
      vertex  0.000000e+000 -5.322241e+000  1.131034e+001
      vertex  0.000000e+000  5.322241e+000  1.131034e+001
      vertex  0.000000e+000  5.036330e+000  1.144051e+001
    endloop
  endfacet
  facet normal  1.000000e+000  0.000000e+000  0.000000e+000
    outer loop
      vertex  0.000000e+000 -5.322241e+000  1.131034e+001
      vertex  0.000000e+000  5.036330e+000  1.144051e+001
      vertex  0.000000e+000 -5.036330e+000  1.144051e+001
    endloop
  endfacet
  facet normal  1.000000e+000  0.000000e+000  0.000000e+000
    outer loop
      vertex  0.000000e+000 -5.036330e+000  1.144051e+001
      vertex  0.000000e+000  5.036330e+000  1.144051e+001
      vertex  0.000000e+000  4.747239e+000  1.156347e+001
    endloop
  endfacet
  facet normal  1.000000e+000  0.000000e+000  0.000000e+000
    outer loop
      vertex  0.000000e+000 -5.036330e+000  1.144051e+001
      vertex  0.000000e+000  4.747239e+000  1.156347e+001
      vertex  0.000000e+000 -4.747239e+000  1.156347e+001
    endloop
  endfacet
  facet normal  1.000000e+000  0.000000e+000  0.000000e+000
    outer loop
      vertex  0.000000e+000 -4.747239e+000  1.156347e+001
      vertex  0.000000e+000  4.747239e+000  1.156347e+001
      vertex  0.000000e+000  4.455149e+000  1.167911e+001
    endloop
  endfacet
  facet normal  1.000000e+000  0.000000e+000  0.000000e+000
    outer loop
      vertex  0.000000e+000 -4.747239e+000  1.156347e+001
      vertex  0.000000e+000  4.455149e+000  1.167911e+001
      vertex  0.000000e+000 -4.455149e+000  1.167911e+001
    endloop
  endfacet
  facet normal  1.000000e+000  0.000000e+000  0.000000e+000
    outer loop
      vertex  0.000000e+000 -4.455149e+000  1.167911e+001
      vertex  0.000000e+000  4.455149e+000  1.167911e+001
      vertex  0.000000e+000  4.160244e+000  1.178738e+001
    endloop
  endfacet
  facet normal  1.000000e+000  0.000000e+000  0.000000e+000
    outer loop
      vertex  0.000000e+000 -4.455149e+000  1.167911e+001
      vertex  0.000000e+000  4.160244e+000  1.178738e+001
      vertex  0.000000e+000 -4.160244e+000  1.178738e+001
    endloop
  endfacet
  facet normal  1.000000e+000  0.000000e+000  0.000000e+000
    outer loop
      vertex  0.000000e+000 -4.160244e+000  1.178738e+001
      vertex  0.000000e+000  4.160244e+000  1.178738e+001
      vertex  0.000000e+000  3.862712e+000  1.188821e+001
    endloop
  endfacet
  facet normal  1.000000e+000  0.000000e+000  0.000000e+000
    outer loop
      vertex  0.000000e+000 -4.160244e+000  1.178738e+001
      vertex  0.000000e+000  3.862712e+000  1.188821e+001
      vertex  0.000000e+000 -3.862712e+000  1.188821e+001
    endloop
  endfacet
  facet normal  1.000000e+000  0.000000e+000  0.000000e+000
    outer loop
      vertex  0.000000e+000 -3.862712e+000  1.188821e+001
      vertex  0.000000e+000  3.862712e+000  1.188821e+001
      vertex  0.000000e+000  3.562741e+000  1.198152e+001
    endloop
  endfacet
  facet normal  1.000000e+000  0.000000e+000  0.000000e+000
    outer loop
      vertex  0.000000e+000 -3.862712e+000  1.188821e+001
      vertex  0.000000e+000  3.562741e+000  1.198152e+001
      vertex  0.000000e+000 -3.562741e+000  1.198152e+001
    endloop
  endfacet
  facet normal  1.000000e+000  0.000000e+000  0.000000e+000
    outer loop
      vertex  0.000000e+000 -3.562741e+000  1.198152e+001
      vertex  0.000000e+000  3.562741e+000  1.198152e+001
      vertex  0.000000e+000  3.260519e+000  1.206727e+001
    endloop
  endfacet
  facet normal  1.000000e+000  0.000000e+000  0.000000e+000
    outer loop
      vertex  0.000000e+000 -3.562741e+000  1.198152e+001
      vertex  0.000000e+000  3.260519e+000  1.206727e+001
      vertex  0.000000e+000 -3.260519e+000  1.206727e+001
    endloop
  endfacet
  facet normal  1.000000e+000  0.000000e+000  0.000000e+000
    outer loop
      vertex  0.000000e+000 -3.260519e+000  1.206727e+001
      vertex  0.000000e+000  3.260519e+000  1.206727e+001
      vertex  0.000000e+000  2.956238e+000  1.214540e+001
    endloop
  endfacet
  facet normal  9.999999e-001  0.000000e+000  0.000000e+000
    outer loop
      vertex  0.000000e+000 -3.260519e+000  1.206727e+001
      vertex  0.000000e+000  2.956238e+000  1.214540e+001
      vertex  0.000000e+000 -2.956238e+000  1.214540e+001
    endloop
  endfacet
  facet normal  1.000000e+000  0.000000e+000  0.000000e+000
    outer loop
      vertex  0.000000e+000 -2.956238e+000  1.214540e+001
      vertex  0.000000e+000  2.956238e+000  1.214540e+001
      vertex  0.000000e+000  2.650089e+000  1.221585e+001
    endloop
  endfacet
  facet normal  1.000000e+000  0.000000e+000  0.000000e+000
    outer loop
      vertex  0.000000e+000 -2.956238e+000  1.214540e+001
      vertex  0.000000e+000  2.650089e+000  1.221585e+001
      vertex  0.000000e+000 -2.650089e+000  1.221585e+001
    endloop
  endfacet
  facet normal  1.000000e+000  0.000000e+000  0.000000e+000
    outer loop
      vertex  0.000000e+000 -2.650089e+000  1.221585e+001
      vertex  0.000000e+000  2.650089e+000  1.221585e+001
      vertex  0.000000e+000  2.342266e+000  1.227859e+001
    endloop
  endfacet
  facet normal  1.000000e+000  0.000000e+000  0.000000e+000
    outer loop
      vertex  0.000000e+000 -2.650089e+000  1.221585e+001
      vertex  0.000000e+000  2.342266e+000  1.227859e+001
      vertex  0.000000e+000 -2.342266e+000  1.227859e+001
    endloop
  endfacet
  facet normal  1.000000e+000  0.000000e+000  0.000000e+000
    outer loop
      vertex  0.000000e+000 -2.342266e+000  1.227859e+001
      vertex  0.000000e+000  2.342266e+000  1.227859e+001
      vertex  0.000000e+000  2.032964e+000  1.233357e+001
    endloop
  endfacet
  facet normal  1.000000e+000  0.000000e+000  0.000000e+000
    outer loop
      vertex  0.000000e+000 -2.342266e+000  1.227859e+001
      vertex  0.000000e+000  2.032964e+000  1.233357e+001
      vertex  0.000000e+000 -2.032964e+000  1.233357e+001
    endloop
  endfacet
  facet normal  1.000000e+000  0.000000e+000  0.000000e+000
    outer loop
      vertex  0.000000e+000 -2.032964e+000  1.233357e+001
      vertex  0.000000e+000  2.032964e+000  1.233357e+001
      vertex  0.000000e+000  1.722379e+000  1.238077e+001
    endloop
  endfacet
  facet normal  1.000000e+000  0.000000e+000  0.000000e+000
    outer loop
      vertex  0.000000e+000 -2.032964e+000  1.233357e+001
      vertex  0.000000e+000  1.722379e+000  1.238077e+001
      vertex  0.000000e+000 -1.722379e+000  1.238077e+001
    endloop
  endfacet
  facet normal  1.000000e+000  0.000000e+000  0.000000e+000
    outer loop
      vertex  0.000000e+000 -1.722379e+000  1.238077e+001
      vertex  0.000000e+000  1.722379e+000  1.238077e+001
      vertex  0.000000e+000  1.410705e+000  1.242014e+001
    endloop
  endfacet
  facet normal  1.000000e+000  0.000000e+000  0.000000e+000
    outer loop
      vertex  0.000000e+000 -1.722379e+000  1.238077e+001
      vertex  0.000000e+000  1.410705e+000  1.242014e+001
      vertex  0.000000e+000 -1.410705e+000  1.242014e+001
    endloop
  endfacet
  facet normal  9.999999e-001  0.000000e+000  0.000000e+000
    outer loop
      vertex  0.000000e+000 -1.410705e+000  1.242014e+001
      vertex  0.000000e+000  1.410705e+000  1.242014e+001
      vertex  0.000000e+000  1.098140e+000  1.245167e+001
    endloop
  endfacet
  facet normal  1.000000e+000  0.000000e+000  0.000000e+000
    outer loop
      vertex  0.000000e+000 -1.410705e+000  1.242014e+001
      vertex  0.000000e+000  1.098140e+000  1.245167e+001
      vertex  0.000000e+000 -1.098140e+000  1.245167e+001
    endloop
  endfacet
  facet normal  1.000000e+000  0.000000e+000  0.000000e+000
    outer loop
      vertex  0.000000e+000 -1.098140e+000  1.245167e+001
      vertex  0.000000e+000  1.098140e+000  1.245167e+001
      vertex  0.000000e+000  7.848815e-001  1.247533e+001
    endloop
  endfacet
  facet normal  1.000000e+000  0.000000e+000  0.000000e+000
    outer loop
      vertex  0.000000e+000 -1.098140e+000  1.245167e+001
      vertex  0.000000e+000  7.848815e-001  1.247533e+001
      vertex  0.000000e+000 -7.848815e-001  1.247533e+001
    endloop
  endfacet
  facet normal  1.000000e+000  0.000000e+000  0.000000e+000
    outer loop
      vertex  0.000000e+000 -7.848815e-001  1.247533e+001
      vertex  0.000000e+000  7.848815e-001  1.247533e+001
      vertex  0.000000e+000  4.711273e-001  1.249112e+001
    endloop
  endfacet
  facet normal  1.000000e+000  0.000000e+000  0.000000e+000
    outer loop
      vertex  0.000000e+000 -7.848815e-001  1.247533e+001
      vertex  0.000000e+000  4.711273e-001  1.249112e+001
      vertex  0.000000e+000 -4.711273e-001  1.249112e+001
    endloop
  endfacet
  facet normal  1.000000e+000  0.000000e+000  0.000000e+000
    outer loop
      vertex  0.000000e+000 -4.711273e-001  1.249112e+001
      vertex  0.000000e+000  4.711273e-001  1.249112e+001
      vertex  0.000000e+000  1.570755e-001  1.249901e+001
    endloop
  endfacet
  facet normal  1.000000e+000  0.000000e+000  0.000000e+000
    outer loop
      vertex  0.000000e+000 -4.711273e-001  1.249112e+001
      vertex  0.000000e+000  1.570755e-001  1.249901e+001
      vertex  0.000000e+000 -1.570755e-001  1.249901e+001
    endloop
  endfacet
  facet normal  1.000000e+000  0.000000e+000  0.000000e+000
    outer loop
      vertex  0.000000e+000  1.249605e+001  3.141262e-001
      vertex  0.000000e+000 -1.250000e+001  0.000000e+000
      vertex  0.000000e+000  1.250000e+001  1.530758e-015
    endloop
  endfacet
  facet normal  1.000000e+000  0.000000e+000  0.000000e+000
    outer loop
      vertex  0.000000e+000  1.250000e+001  1.530758e-015
      vertex  0.000000e+000 -1.250000e+001  0.000000e+000
      vertex  0.000000e+000 -1.249605e+001 -3.141262e-001
    endloop
  endfacet
  facet normal  1.000000e+000  0.000000e+000  0.000000e+000
    outer loop
      vertex  0.000000e+000  1.250000e+001  1.530758e-015
      vertex  0.000000e+000 -1.249605e+001 -3.141262e-001
      vertex  0.000000e+000  1.249605e+001 -3.141262e-001
    endloop
  endfacet
  facet normal  1.000000e+000  0.000000e+000  0.000000e+000
    outer loop
      vertex  0.000000e+000  1.249605e+001 -3.141262e-001
      vertex  0.000000e+000 -1.249605e+001 -3.141262e-001
      vertex  0.000000e+000 -1.248421e+001 -6.280540e-001
    endloop
  endfacet
  facet normal  1.000000e+000  0.000000e+000  0.000000e+000
    outer loop
      vertex  0.000000e+000  1.249605e+001 -3.141262e-001
      vertex  0.000000e+000 -1.248421e+001 -6.280540e-001
      vertex  0.000000e+000  1.248421e+001 -6.280540e-001
    endloop
  endfacet
  facet normal  1.000000e+000  0.000000e+000  0.000000e+000
    outer loop
      vertex  0.000000e+000  1.248421e+001 -6.280540e-001
      vertex  0.000000e+000 -1.248421e+001 -6.280540e-001
      vertex  0.000000e+000 -1.246449e+001 -9.415851e-001
    endloop
  endfacet
  facet normal  1.000000e+000  0.000000e+000  0.000000e+000
    outer loop
      vertex  0.000000e+000  1.248421e+001 -6.280540e-001
      vertex  0.000000e+000 -1.246449e+001 -9.415851e-001
      vertex  0.000000e+000  1.246449e+001 -9.415851e-001
    endloop
  endfacet
  facet normal  1.000000e+000  0.000000e+000  0.000000e+000
    outer loop
      vertex  0.000000e+000  1.246449e+001 -9.415851e-001
      vertex  0.000000e+000 -1.246449e+001 -9.415851e-001
      vertex  0.000000e+000 -1.243689e+001 -1.254521e+000
    endloop
  endfacet
  facet normal  1.000000e+000  0.000000e+000  0.000000e+000
    outer loop
      vertex  0.000000e+000  1.246449e+001 -9.415851e-001
      vertex  0.000000e+000 -1.243689e+001 -1.254521e+000
      vertex  0.000000e+000  1.243689e+001 -1.254521e+000
    endloop
  endfacet
  facet normal  1.000000e+000  0.000000e+000  0.000000e+000
    outer loop
      vertex  0.000000e+000  1.243689e+001 -1.254521e+000
      vertex  0.000000e+000 -1.243689e+001 -1.254521e+000
      vertex  0.000000e+000 -1.240143e+001 -1.566665e+000
    endloop
  endfacet
  facet normal  1.000000e+000  0.000000e+000  0.000000e+000
    outer loop
      vertex  0.000000e+000  1.243689e+001 -1.254521e+000
      vertex  0.000000e+000 -1.240143e+001 -1.566665e+000
      vertex  0.000000e+000  1.240143e+001 -1.566665e+000
    endloop
  endfacet
  facet normal  9.999999e-001  0.000000e+000  0.000000e+000
    outer loop
      vertex  0.000000e+000  1.240143e+001 -1.566665e+000
      vertex  0.000000e+000 -1.240143e+001 -1.566665e+000
      vertex  0.000000e+000 -1.235815e+001 -1.877820e+000
    endloop
  endfacet
  facet normal  1.000000e+000  0.000000e+000  0.000000e+000
    outer loop
      vertex  0.000000e+000  1.240143e+001 -1.566665e+000
      vertex  0.000000e+000 -1.235815e+001 -1.877820e+000
      vertex  0.000000e+000  1.235815e+001 -1.877820e+000
    endloop
  endfacet
  facet normal  9.999999e-001  0.000000e+000  0.000000e+000
    outer loop
      vertex  0.000000e+000  1.235815e+001 -1.877820e+000
      vertex  0.000000e+000 -1.235815e+001 -1.877820e+000
      vertex  0.000000e+000 -1.230705e+001 -2.187788e+000
    endloop
  endfacet
  facet normal  1.000000e+000  0.000000e+000  0.000000e+000
    outer loop
      vertex  0.000000e+000  1.235815e+001 -1.877820e+000
      vertex  0.000000e+000 -1.230705e+001 -2.187788e+000
      vertex  0.000000e+000  1.230705e+001 -2.187788e+000
    endloop
  endfacet
  facet normal  1.000000e+000  0.000000e+000  0.000000e+000
    outer loop
      vertex  0.000000e+000  1.230705e+001 -2.187788e+000
      vertex  0.000000e+000 -1.230705e+001 -2.187788e+000
      vertex  0.000000e+000 -1.224819e+001 -2.496375e+000
    endloop
  endfacet
  facet normal  1.000000e+000  0.000000e+000  0.000000e+000
    outer loop
      vertex  0.000000e+000  1.230705e+001 -2.187788e+000
      vertex  0.000000e+000 -1.224819e+001 -2.496375e+000
      vertex  0.000000e+000  1.224819e+001 -2.496375e+000
    endloop
  endfacet
  facet normal  9.999999e-001  0.000000e+000  0.000000e+000
    outer loop
      vertex  0.000000e+000  1.224819e+001 -2.496375e+000
      vertex  0.000000e+000 -1.224819e+001 -2.496375e+000
      vertex  0.000000e+000 -1.218159e+001 -2.803385e+000
    endloop
  endfacet
  facet normal  1.000000e+000  0.000000e+000  0.000000e+000
    outer loop
      vertex  0.000000e+000  1.224819e+001 -2.496375e+000
      vertex  0.000000e+000 -1.218159e+001 -2.803385e+000
      vertex  0.000000e+000  1.218159e+001 -2.803385e+000
    endloop
  endfacet
  facet normal  1.000000e+000  0.000000e+000  0.000000e+000
    outer loop
      vertex  0.000000e+000  1.218159e+001 -2.803385e+000
      vertex  0.000000e+000 -1.218159e+001 -2.803385e+000
      vertex  0.000000e+000 -1.210729e+001 -3.108624e+000
    endloop
  endfacet
  facet normal  1.000000e+000  0.000000e+000  0.000000e+000
    outer loop
      vertex  0.000000e+000  1.218159e+001 -2.803385e+000
      vertex  0.000000e+000 -1.210729e+001 -3.108624e+000
      vertex  0.000000e+000  1.210729e+001 -3.108624e+000
    endloop
  endfacet
  facet normal  9.999999e-001  0.000000e+000  0.000000e+000
    outer loop
      vertex  0.000000e+000  1.210729e+001 -3.108624e+000
      vertex  0.000000e+000 -1.210729e+001 -3.108624e+000
      vertex  0.000000e+000 -1.202535e+001 -3.411899e+000
    endloop
  endfacet
  facet normal  1.000000e+000  0.000000e+000  0.000000e+000
    outer loop
      vertex  0.000000e+000  1.210729e+001 -3.108624e+000
      vertex  0.000000e+000 -1.202535e+001 -3.411899e+000
      vertex  0.000000e+000  1.202535e+001 -3.411899e+000
    endloop
  endfacet
  facet normal  1.000000e+000  0.000000e+000  0.000000e+000
    outer loop
      vertex  0.000000e+000  1.202535e+001 -3.411899e+000
      vertex  0.000000e+000 -1.202535e+001 -3.411899e+000
      vertex  0.000000e+000 -1.193581e+001 -3.713020e+000
    endloop
  endfacet
  facet normal  1.000000e+000  0.000000e+000  0.000000e+000
    outer loop
      vertex  0.000000e+000  1.202535e+001 -3.411899e+000
      vertex  0.000000e+000 -1.193581e+001 -3.713020e+000
      vertex  0.000000e+000  1.193581e+001 -3.713020e+000
    endloop
  endfacet
  facet normal  1.000000e+000  0.000000e+000  0.000000e+000
    outer loop
      vertex  0.000000e+000  1.193581e+001 -3.713020e+000
      vertex  0.000000e+000 -1.193581e+001 -3.713020e+000
      vertex  0.000000e+000 -1.183873e+001 -4.011795e+000
    endloop
  endfacet
  facet normal  1.000000e+000  0.000000e+000  0.000000e+000
    outer loop
      vertex  0.000000e+000  1.193581e+001 -3.713020e+000
      vertex  0.000000e+000 -1.183873e+001 -4.011795e+000
      vertex  0.000000e+000  1.183873e+001 -4.011795e+000
    endloop
  endfacet
  facet normal  1.000000e+000  0.000000e+000  0.000000e+000
    outer loop
      vertex  0.000000e+000  1.183873e+001 -4.011795e+000
      vertex  0.000000e+000 -1.183873e+001 -4.011795e+000
      vertex  0.000000e+000 -1.173417e+001 -4.308036e+000
    endloop
  endfacet
  facet normal  1.000000e+000  0.000000e+000  0.000000e+000
    outer loop
      vertex  0.000000e+000  1.183873e+001 -4.011795e+000
      vertex  0.000000e+000 -1.173417e+001 -4.308036e+000
      vertex  0.000000e+000  1.173417e+001 -4.308036e+000
    endloop
  endfacet
  facet normal  1.000000e+000  0.000000e+000  0.000000e+000
    outer loop
      vertex  0.000000e+000  1.173417e+001 -4.308036e+000
      vertex  0.000000e+000 -1.173417e+001 -4.308036e+000
      vertex  0.000000e+000 -1.162221e+001 -4.601557e+000
    endloop
  endfacet
  facet normal  1.000000e+000  0.000000e+000  0.000000e+000
    outer loop
      vertex  0.000000e+000  1.173417e+001 -4.308036e+000
      vertex  0.000000e+000 -1.162221e+001 -4.601557e+000
      vertex  0.000000e+000  1.162221e+001 -4.601557e+000
    endloop
  endfacet
  facet normal  1.000000e+000  0.000000e+000  0.000000e+000
    outer loop
      vertex  0.000000e+000  1.162221e+001 -4.601557e+000
      vertex  0.000000e+000 -1.162221e+001 -4.601557e+000
      vertex  0.000000e+000 -1.150290e+001 -4.892171e+000
    endloop
  endfacet
  facet normal  9.999999e-001  0.000000e+000  0.000000e+000
    outer loop
      vertex  0.000000e+000  1.162221e+001 -4.601557e+000
      vertex  0.000000e+000 -1.150290e+001 -4.892171e+000
      vertex  0.000000e+000  1.150290e+001 -4.892171e+000
    endloop
  endfacet
  facet normal  1.000000e+000  0.000000e+000  0.000000e+000
    outer loop
      vertex  0.000000e+000  1.150290e+001 -4.892171e+000
      vertex  0.000000e+000 -1.150290e+001 -4.892171e+000
      vertex  0.000000e+000 -1.137632e+001 -5.179695e+000
    endloop
  endfacet
  facet normal  1.000000e+000  0.000000e+000  0.000000e+000
    outer loop
      vertex  0.000000e+000  1.150290e+001 -4.892171e+000
      vertex  0.000000e+000 -1.137632e+001 -5.179695e+000
      vertex  0.000000e+000  1.137632e+001 -5.179695e+000
    endloop
  endfacet
  facet normal  1.000000e+000  0.000000e+000  0.000000e+000
    outer loop
      vertex  0.000000e+000  1.137632e+001 -5.179695e+000
      vertex  0.000000e+000 -1.137632e+001 -5.179695e+000
      vertex  0.000000e+000 -1.124257e+001 -5.463947e+000
    endloop
  endfacet
  facet normal  1.000000e+000  0.000000e+000  0.000000e+000
    outer loop
      vertex  0.000000e+000  1.137632e+001 -5.179695e+000
      vertex  0.000000e+000 -1.124257e+001 -5.463947e+000
      vertex  0.000000e+000  1.124257e+001 -5.463947e+000
    endloop
  endfacet
  facet normal  1.000000e+000  0.000000e+000  0.000000e+000
    outer loop
      vertex  0.000000e+000  1.124257e+001 -5.463947e+000
      vertex  0.000000e+000 -1.124257e+001 -5.463947e+000
      vertex  0.000000e+000 -1.110171e+001 -5.744748e+000
    endloop
  endfacet
  facet normal  1.000000e+000  0.000000e+000  0.000000e+000
    outer loop
      vertex  0.000000e+000  1.124257e+001 -5.463947e+000
      vertex  0.000000e+000 -1.110171e+001 -5.744748e+000
      vertex  0.000000e+000  1.110171e+001 -5.744748e+000
    endloop
  endfacet
  facet normal  1.000000e+000  0.000000e+000  0.000000e+000
    outer loop
      vertex  0.000000e+000  1.110171e+001 -5.744748e+000
      vertex  0.000000e+000 -1.110171e+001 -5.744748e+000
      vertex  0.000000e+000 -1.095383e+001 -6.021921e+000
    endloop
  endfacet
  facet normal  1.000000e+000  0.000000e+000  0.000000e+000
    outer loop
      vertex  0.000000e+000  1.110171e+001 -5.744748e+000
      vertex  0.000000e+000 -1.095383e+001 -6.021921e+000
      vertex  0.000000e+000  1.095383e+001 -6.021921e+000
    endloop
  endfacet
  facet normal  1.000000e+000  0.000000e+000  0.000000e+000
    outer loop
      vertex  0.000000e+000  1.095383e+001 -6.021921e+000
      vertex  0.000000e+000 -1.095383e+001 -6.021921e+000
      vertex  0.000000e+000 -1.079904e+001 -6.295290e+000
    endloop
  endfacet
  facet normal  1.000000e+000  0.000000e+000  0.000000e+000
    outer loop
      vertex  0.000000e+000  1.095383e+001 -6.021921e+000
      vertex  0.000000e+000 -1.079904e+001 -6.295290e+000
      vertex  0.000000e+000  1.079904e+001 -6.295290e+000
    endloop
  endfacet
  facet normal  9.999999e-001  0.000000e+000  0.000000e+000
    outer loop
      vertex  0.000000e+000  1.079904e+001 -6.295290e+000
      vertex  0.000000e+000 -1.079904e+001 -6.295290e+000
      vertex  0.000000e+000 -1.063743e+001 -6.564683e+000
    endloop
  endfacet
  facet normal  1.000000e+000  0.000000e+000  0.000000e+000
    outer loop
      vertex  0.000000e+000  1.079904e+001 -6.295290e+000
      vertex  0.000000e+000 -1.063743e+001 -6.564683e+000
      vertex  0.000000e+000  1.063743e+001 -6.564683e+000
    endloop
  endfacet
  facet normal  1.000000e+000  0.000000e+000  0.000000e+000
    outer loop
      vertex  0.000000e+000  1.063743e+001 -6.564683e+000
      vertex  0.000000e+000 -1.063743e+001 -6.564683e+000
      vertex  0.000000e+000 -1.046910e+001 -6.829929e+000
    endloop
  endfacet
  facet normal  1.000000e+000  0.000000e+000  0.000000e+000
    outer loop
      vertex  0.000000e+000  1.063743e+001 -6.564683e+000
      vertex  0.000000e+000 -1.046910e+001 -6.829929e+000
      vertex  0.000000e+000  1.046910e+001 -6.829929e+000
    endloop
  endfacet
  facet normal  1.000000e+000  0.000000e+000  0.000000e+000
    outer loop
      vertex  0.000000e+000  1.046910e+001 -6.829929e+000
      vertex  0.000000e+000 -1.046910e+001 -6.829929e+000
      vertex  0.000000e+000 -1.029416e+001 -7.090862e+000
    endloop
  endfacet
  facet normal  1.000000e+000  0.000000e+000  0.000000e+000
    outer loop
      vertex  0.000000e+000  1.046910e+001 -6.829929e+000
      vertex  0.000000e+000 -1.029416e+001 -7.090862e+000
      vertex  0.000000e+000  1.029416e+001 -7.090862e+000
    endloop
  endfacet
  facet normal  1.000000e+000  0.000000e+000  0.000000e+000
    outer loop
      vertex  0.000000e+000  1.029416e+001 -7.090862e+000
      vertex  0.000000e+000 -1.029416e+001 -7.090862e+000
      vertex  0.000000e+000 -1.011271e+001 -7.347316e+000
    endloop
  endfacet
  facet normal  1.000000e+000  0.000000e+000  0.000000e+000
    outer loop
      vertex  0.000000e+000  1.029416e+001 -7.090862e+000
      vertex  0.000000e+000 -1.011271e+001 -7.347316e+000
      vertex  0.000000e+000  1.011271e+001 -7.347316e+000
    endloop
  endfacet
  facet normal  1.000000e+000  0.000000e+000  0.000000e+000
    outer loop
      vertex  0.000000e+000  1.011271e+001 -7.347316e+000
      vertex  0.000000e+000 -1.011271e+001 -7.347316e+000
      vertex  0.000000e+000 -9.924880e+000 -7.599129e+000
    endloop
  endfacet
  facet normal  1.000000e+000  0.000000e+000  0.000000e+000
    outer loop
      vertex  0.000000e+000  1.011271e+001 -7.347316e+000
      vertex  0.000000e+000 -9.924880e+000 -7.599129e+000
      vertex  0.000000e+000  9.924880e+000 -7.599129e+000
    endloop
  endfacet
  facet normal  1.000000e+000  0.000000e+000  0.000000e+000
    outer loop
      vertex  0.000000e+000  9.924880e+000 -7.599129e+000
      vertex  0.000000e+000 -9.924880e+000 -7.599129e+000
      vertex  0.000000e+000 -9.730779e+000 -7.846142e+000
    endloop
  endfacet
  facet normal  1.000000e+000  0.000000e+000  0.000000e+000
    outer loop
      vertex  0.000000e+000  9.924880e+000 -7.599129e+000
      vertex  0.000000e+000 -9.730779e+000 -7.846142e+000
      vertex  0.000000e+000  9.730779e+000 -7.846142e+000
    endloop
  endfacet
  facet normal  1.000000e+000  0.000000e+000  0.000000e+000
    outer loop
      vertex  0.000000e+000  9.730779e+000 -7.846142e+000
      vertex  0.000000e+000 -9.730779e+000 -7.846142e+000
      vertex  0.000000e+000 -9.530531e+000 -8.088200e+000
    endloop
  endfacet
  facet normal  1.000000e+000  0.000000e+000  0.000000e+000
    outer loop
      vertex  0.000000e+000  9.730779e+000 -7.846142e+000
      vertex  0.000000e+000 -9.530531e+000 -8.088200e+000
      vertex  0.000000e+000  9.530531e+000 -8.088200e+000
    endloop
  endfacet
  facet normal  1.000000e+000  0.000000e+000  0.000000e+000
    outer loop
      vertex  0.000000e+000  9.530531e+000 -8.088200e+000
      vertex  0.000000e+000 -9.530531e+000 -8.088200e+000
      vertex  0.000000e+000 -9.324265e+000 -8.325149e+000
    endloop
  endfacet
  facet normal  1.000000e+000  0.000000e+000  0.000000e+000
    outer loop
      vertex  0.000000e+000  9.530531e+000 -8.088200e+000
      vertex  0.000000e+000 -9.324265e+000 -8.325149e+000
      vertex  0.000000e+000  9.324265e+000 -8.325149e+000
    endloop
  endfacet
  facet normal  1.000000e+000  0.000000e+000  0.000000e+000
    outer loop
      vertex  0.000000e+000  9.324265e+000 -8.325149e+000
      vertex  0.000000e+000 -9.324265e+000 -8.325149e+000
      vertex  0.000000e+000 -9.112108e+000 -8.556839e+000
    endloop
  endfacet
  facet normal  1.000000e+000  0.000000e+000  0.000000e+000
    outer loop
      vertex  0.000000e+000  9.324265e+000 -8.325149e+000
      vertex  0.000000e+000 -9.112108e+000 -8.556839e+000
      vertex  0.000000e+000  9.112108e+000 -8.556839e+000
    endloop
  endfacet
  facet normal  1.000000e+000  0.000000e+000  0.000000e+000
    outer loop
      vertex  0.000000e+000  9.112108e+000 -8.556839e+000
      vertex  0.000000e+000 -9.112108e+000 -8.556839e+000
      vertex  0.000000e+000 -8.894196e+000 -8.783125e+000
    endloop
  endfacet
  facet normal  1.000000e+000  0.000000e+000  0.000000e+000
    outer loop
      vertex  0.000000e+000  9.112108e+000 -8.556839e+000
      vertex  0.000000e+000 -8.894196e+000 -8.783125e+000
      vertex  0.000000e+000  8.894196e+000 -8.783125e+000
    endloop
  endfacet
  facet normal  9.999999e-001  0.000000e+000  0.000000e+000
    outer loop
      vertex  0.000000e+000  8.894196e+000 -8.783125e+000
      vertex  0.000000e+000 -8.894196e+000 -8.783125e+000
      vertex  0.000000e+000 -8.670667e+000 -9.003862e+000
    endloop
  endfacet
  facet normal  1.000000e+000  0.000000e+000  0.000000e+000
    outer loop
      vertex  0.000000e+000  8.894196e+000 -8.783125e+000
      vertex  0.000000e+000 -8.670667e+000 -9.003862e+000
      vertex  0.000000e+000  8.670667e+000 -9.003862e+000
    endloop
  endfacet
  facet normal  9.999999e-001  0.000000e+000  0.000000e+000
    outer loop
      vertex  0.000000e+000  8.670667e+000 -9.003862e+000
      vertex  0.000000e+000 -8.670667e+000 -9.003862e+000
      vertex  0.000000e+000 -8.441660e+000 -9.218914e+000
    endloop
  endfacet
  facet normal  1.000000e+000  0.000000e+000  0.000000e+000
    outer loop
      vertex  0.000000e+000  8.670667e+000 -9.003862e+000
      vertex  0.000000e+000 -8.441660e+000 -9.218914e+000
      vertex  0.000000e+000  8.441660e+000 -9.218914e+000
    endloop
  endfacet
  facet normal  1.000000e+000  0.000000e+000  0.000000e+000
    outer loop
      vertex  0.000000e+000  8.441660e+000 -9.218914e+000
      vertex  0.000000e+000 -8.441660e+000 -9.218914e+000
      vertex  0.000000e+000 -8.207322e+000 -9.428143e+000
    endloop
  endfacet
  facet normal  1.000000e+000  0.000000e+000  0.000000e+000
    outer loop
      vertex  0.000000e+000  8.441660e+000 -9.218914e+000
      vertex  0.000000e+000 -8.207322e+000 -9.428143e+000
      vertex  0.000000e+000  8.207322e+000 -9.428143e+000
    endloop
  endfacet
  facet normal  1.000000e+000  0.000000e+000  0.000000e+000
    outer loop
      vertex  0.000000e+000  8.207322e+000 -9.428143e+000
      vertex  0.000000e+000 -8.207322e+000 -9.428143e+000
      vertex  0.000000e+000 -7.967800e+000 -9.631415e+000
    endloop
  endfacet
  facet normal  9.999999e-001  0.000000e+000  0.000000e+000
    outer loop
      vertex  0.000000e+000  8.207322e+000 -9.428143e+000
      vertex  0.000000e+000 -7.967800e+000 -9.631415e+000
      vertex  0.000000e+000  7.967800e+000 -9.631415e+000
    endloop
  endfacet
  facet normal  1.000000e+000  0.000000e+000  0.000000e+000
    outer loop
      vertex  0.000000e+000  7.967800e+000 -9.631415e+000
      vertex  0.000000e+000 -7.967800e+000 -9.631415e+000
      vertex  0.000000e+000 -7.723245e+000 -9.828606e+000
    endloop
  endfacet
  facet normal  1.000000e+000  0.000000e+000  0.000000e+000
    outer loop
      vertex  0.000000e+000  7.967800e+000 -9.631415e+000
      vertex  0.000000e+000 -7.723245e+000 -9.828606e+000
      vertex  0.000000e+000  7.723245e+000 -9.828606e+000
    endloop
  endfacet
  facet normal  9.999999e-001  0.000000e+000  0.000000e+000
    outer loop
      vertex  0.000000e+000  7.723245e+000 -9.828606e+000
      vertex  0.000000e+000 -7.723245e+000 -9.828606e+000
      vertex  0.000000e+000 -7.473812e+000 -1.001959e+001
    endloop
  endfacet
  facet normal  1.000000e+000  0.000000e+000  0.000000e+000
    outer loop
      vertex  0.000000e+000  7.723245e+000 -9.828606e+000
      vertex  0.000000e+000 -7.473812e+000 -1.001959e+001
      vertex  0.000000e+000  7.473812e+000 -1.001959e+001
    endloop
  endfacet
  facet normal  1.000000e+000  0.000000e+000  0.000000e+000
    outer loop
      vertex  0.000000e+000  7.473812e+000 -1.001959e+001
      vertex  0.000000e+000 -7.473812e+000 -1.001959e+001
      vertex  0.000000e+000 -7.219659e+000 -1.020424e+001
    endloop
  endfacet
  facet normal  1.000000e+000  0.000000e+000  0.000000e+000
    outer loop
      vertex  0.000000e+000  7.473812e+000 -1.001959e+001
      vertex  0.000000e+000 -7.219659e+000 -1.020424e+001
      vertex  0.000000e+000  7.219659e+000 -1.020424e+001
    endloop
  endfacet
  facet normal  1.000000e+000  0.000000e+000  0.000000e+000
    outer loop
      vertex  0.000000e+000  7.219659e+000 -1.020424e+001
      vertex  0.000000e+000 -7.219659e+000 -1.020424e+001
      vertex  0.000000e+000 -6.960945e+000 -1.038245e+001
    endloop
  endfacet
  facet normal  1.000000e+000  0.000000e+000  0.000000e+000
    outer loop
      vertex  0.000000e+000  7.219659e+000 -1.020424e+001
      vertex  0.000000e+000 -6.960945e+000 -1.038245e+001
      vertex  0.000000e+000  6.960945e+000 -1.038245e+001
    endloop
  endfacet
  facet normal  1.000000e+000  0.000000e+000  0.000000e+000
    outer loop
      vertex  0.000000e+000  6.960945e+000 -1.038245e+001
      vertex  0.000000e+000 -6.960945e+000 -1.038245e+001
      vertex  0.000000e+000 -6.697835e+000 -1.055410e+001
    endloop
  endfacet
  facet normal  1.000000e+000  0.000000e+000  0.000000e+000
    outer loop
      vertex  0.000000e+000  6.960945e+000 -1.038245e+001
      vertex  0.000000e+000 -6.697835e+000 -1.055410e+001
      vertex  0.000000e+000  6.697835e+000 -1.055410e+001
    endloop
  endfacet
  facet normal  9.999999e-001  0.000000e+000  0.000000e+000
    outer loop
      vertex  0.000000e+000  6.697835e+000 -1.055410e+001
      vertex  0.000000e+000 -6.697835e+000 -1.055410e+001
      vertex  0.000000e+000 -6.430494e+000 -1.071908e+001
    endloop
  endfacet
  facet normal  1.000000e+000  0.000000e+000  0.000000e+000
    outer loop
      vertex  0.000000e+000  6.697835e+000 -1.055410e+001
      vertex  0.000000e+000 -6.430494e+000 -1.071908e+001
      vertex  0.000000e+000  6.430494e+000 -1.071908e+001
    endloop
  endfacet
  facet normal  1.000000e+000  0.000000e+000  0.000000e+000
    outer loop
      vertex  0.000000e+000  6.430494e+000 -1.071908e+001
      vertex  0.000000e+000 -6.430494e+000 -1.071908e+001
      vertex  0.000000e+000 -6.159092e+000 -1.087730e+001
    endloop
  endfacet
  facet normal  1.000000e+000  0.000000e+000  0.000000e+000
    outer loop
      vertex  0.000000e+000  6.430494e+000 -1.071908e+001
      vertex  0.000000e+000 -6.159092e+000 -1.087730e+001
      vertex  0.000000e+000  6.159092e+000 -1.087730e+001
    endloop
  endfacet
  facet normal  1.000000e+000  0.000000e+000  0.000000e+000
    outer loop
      vertex  0.000000e+000  6.159092e+000 -1.087730e+001
      vertex  0.000000e+000 -6.159092e+000 -1.087730e+001
      vertex  0.000000e+000 -5.883799e+000 -1.102864e+001
    endloop
  endfacet
  facet normal  1.000000e+000  0.000000e+000  0.000000e+000
    outer loop
      vertex  0.000000e+000  6.159092e+000 -1.087730e+001
      vertex  0.000000e+000 -5.883799e+000 -1.102864e+001
      vertex  0.000000e+000  5.883799e+000 -1.102864e+001
    endloop
  endfacet
  facet normal  1.000000e+000  0.000000e+000  0.000000e+000
    outer loop
      vertex  0.000000e+000  5.883799e+000 -1.102864e+001
      vertex  0.000000e+000 -5.883799e+000 -1.102864e+001
      vertex  0.000000e+000 -5.604790e+000 -1.117302e+001
    endloop
  endfacet
  facet normal  1.000000e+000  0.000000e+000  0.000000e+000
    outer loop
      vertex  0.000000e+000  5.883799e+000 -1.102864e+001
      vertex  0.000000e+000 -5.604790e+000 -1.117302e+001
      vertex  0.000000e+000  5.604790e+000 -1.117302e+001
    endloop
  endfacet
  facet normal  1.000000e+000  0.000000e+000  0.000000e+000
    outer loop
      vertex  0.000000e+000  5.604790e+000 -1.117302e+001
      vertex  0.000000e+000 -5.604790e+000 -1.117302e+001
      vertex  0.000000e+000 -5.322241e+000 -1.131034e+001
    endloop
  endfacet
  facet normal  1.000000e+000  0.000000e+000  0.000000e+000
    outer loop
      vertex  0.000000e+000  5.604790e+000 -1.117302e+001
      vertex  0.000000e+000 -5.322241e+000 -1.131034e+001
      vertex  0.000000e+000  5.322241e+000 -1.131034e+001
    endloop
  endfacet
  facet normal  9.999999e-001  0.000000e+000  0.000000e+000
    outer loop
      vertex  0.000000e+000  5.322241e+000 -1.131034e+001
      vertex  0.000000e+000 -5.322241e+000 -1.131034e+001
      vertex  0.000000e+000 -5.036330e+000 -1.144051e+001
    endloop
  endfacet
  facet normal  1.000000e+000  0.000000e+000  0.000000e+000
    outer loop
      vertex  0.000000e+000  5.322241e+000 -1.131034e+001
      vertex  0.000000e+000 -5.036330e+000 -1.144051e+001
      vertex  0.000000e+000  5.036330e+000 -1.144051e+001
    endloop
  endfacet
  facet normal  1.000000e+000  0.000000e+000  0.000000e+000
    outer loop
      vertex  0.000000e+000  5.036330e+000 -1.144051e+001
      vertex  0.000000e+000 -5.036330e+000 -1.144051e+001
      vertex  0.000000e+000 -4.747239e+000 -1.156347e+001
    endloop
  endfacet
  facet normal  1.000000e+000  0.000000e+000  0.000000e+000
    outer loop
      vertex  0.000000e+000  5.036330e+000 -1.144051e+001
      vertex  0.000000e+000 -4.747239e+000 -1.156347e+001
      vertex  0.000000e+000  4.747239e+000 -1.156347e+001
    endloop
  endfacet
  facet normal  1.000000e+000  0.000000e+000  0.000000e+000
    outer loop
      vertex  0.000000e+000  4.747239e+000 -1.156347e+001
      vertex  0.000000e+000 -4.747239e+000 -1.156347e+001
      vertex  0.000000e+000 -4.455149e+000 -1.167911e+001
    endloop
  endfacet
  facet normal  1.000000e+000  0.000000e+000  0.000000e+000
    outer loop
      vertex  0.000000e+000  4.747239e+000 -1.156347e+001
      vertex  0.000000e+000 -4.455149e+000 -1.167911e+001
      vertex  0.000000e+000  4.455149e+000 -1.167911e+001
    endloop
  endfacet
  facet normal  1.000000e+000  0.000000e+000  0.000000e+000
    outer loop
      vertex  0.000000e+000  4.455149e+000 -1.167911e+001
      vertex  0.000000e+000 -4.455149e+000 -1.167911e+001
      vertex  0.000000e+000 -4.160244e+000 -1.178738e+001
    endloop
  endfacet
  facet normal  1.000000e+000  0.000000e+000  0.000000e+000
    outer loop
      vertex  0.000000e+000  4.455149e+000 -1.167911e+001
      vertex  0.000000e+000 -4.160244e+000 -1.178738e+001
      vertex  0.000000e+000  4.160244e+000 -1.178738e+001
    endloop
  endfacet
  facet normal  1.000000e+000  0.000000e+000  0.000000e+000
    outer loop
      vertex  0.000000e+000  4.160244e+000 -1.178738e+001
      vertex  0.000000e+000 -4.160244e+000 -1.178738e+001
      vertex  0.000000e+000 -3.862712e+000 -1.188821e+001
    endloop
  endfacet
  facet normal  1.000000e+000  0.000000e+000  0.000000e+000
    outer loop
      vertex  0.000000e+000  4.160244e+000 -1.178738e+001
      vertex  0.000000e+000 -3.862712e+000 -1.188821e+001
      vertex  0.000000e+000  3.862712e+000 -1.188821e+001
    endloop
  endfacet
  facet normal  1.000000e+000  0.000000e+000  0.000000e+000
    outer loop
      vertex  0.000000e+000  3.862712e+000 -1.188821e+001
      vertex  0.000000e+000 -3.862712e+000 -1.188821e+001
      vertex  0.000000e+000 -3.562741e+000 -1.198152e+001
    endloop
  endfacet
  facet normal  1.000000e+000  0.000000e+000  0.000000e+000
    outer loop
      vertex  0.000000e+000  3.862712e+000 -1.188821e+001
      vertex  0.000000e+000 -3.562741e+000 -1.198152e+001
      vertex  0.000000e+000  3.562741e+000 -1.198152e+001
    endloop
  endfacet
  facet normal  1.000000e+000  0.000000e+000  0.000000e+000
    outer loop
      vertex  0.000000e+000  3.562741e+000 -1.198152e+001
      vertex  0.000000e+000 -3.562741e+000 -1.198152e+001
      vertex  0.000000e+000 -3.260519e+000 -1.206727e+001
    endloop
  endfacet
  facet normal  1.000000e+000  0.000000e+000  0.000000e+000
    outer loop
      vertex  0.000000e+000  3.562741e+000 -1.198152e+001
      vertex  0.000000e+000 -3.260519e+000 -1.206727e+001
      vertex  0.000000e+000  3.260519e+000 -1.206727e+001
    endloop
  endfacet
  facet normal  1.000000e+000  0.000000e+000  0.000000e+000
    outer loop
      vertex  0.000000e+000  3.260519e+000 -1.206727e+001
      vertex  0.000000e+000 -3.260519e+000 -1.206727e+001
      vertex  0.000000e+000 -2.956238e+000 -1.214540e+001
    endloop
  endfacet
  facet normal  9.999999e-001  0.000000e+000  0.000000e+000
    outer loop
      vertex  0.000000e+000  3.260519e+000 -1.206727e+001
      vertex  0.000000e+000 -2.956238e+000 -1.214540e+001
      vertex  0.000000e+000  2.956238e+000 -1.214540e+001
    endloop
  endfacet
  facet normal  1.000000e+000  0.000000e+000  0.000000e+000
    outer loop
      vertex  0.000000e+000  2.956238e+000 -1.214540e+001
      vertex  0.000000e+000 -2.956238e+000 -1.214540e+001
      vertex  0.000000e+000 -2.650089e+000 -1.221585e+001
    endloop
  endfacet
  facet normal  1.000000e+000  0.000000e+000  0.000000e+000
    outer loop
      vertex  0.000000e+000  2.956238e+000 -1.214540e+001
      vertex  0.000000e+000 -2.650089e+000 -1.221585e+001
      vertex  0.000000e+000  2.650089e+000 -1.221585e+001
    endloop
  endfacet
  facet normal  1.000000e+000  0.000000e+000  0.000000e+000
    outer loop
      vertex  0.000000e+000  2.650089e+000 -1.221585e+001
      vertex  0.000000e+000 -2.650089e+000 -1.221585e+001
      vertex  0.000000e+000 -2.342266e+000 -1.227859e+001
    endloop
  endfacet
  facet normal  1.000000e+000  0.000000e+000  0.000000e+000
    outer loop
      vertex  0.000000e+000  2.650089e+000 -1.221585e+001
      vertex  0.000000e+000 -2.342266e+000 -1.227859e+001
      vertex  0.000000e+000  2.342266e+000 -1.227859e+001
    endloop
  endfacet
  facet normal  1.000000e+000  0.000000e+000  0.000000e+000
    outer loop
      vertex  0.000000e+000  2.342266e+000 -1.227859e+001
      vertex  0.000000e+000 -2.342266e+000 -1.227859e+001
      vertex  0.000000e+000 -2.032964e+000 -1.233357e+001
    endloop
  endfacet
  facet normal  1.000000e+000  0.000000e+000  0.000000e+000
    outer loop
      vertex  0.000000e+000  2.342266e+000 -1.227859e+001
      vertex  0.000000e+000 -2.032964e+000 -1.233357e+001
      vertex  0.000000e+000  2.032964e+000 -1.233357e+001
    endloop
  endfacet
  facet normal  1.000000e+000  0.000000e+000  0.000000e+000
    outer loop
      vertex  0.000000e+000  2.032964e+000 -1.233357e+001
      vertex  0.000000e+000 -2.032964e+000 -1.233357e+001
      vertex  0.000000e+000 -1.722379e+000 -1.238077e+001
    endloop
  endfacet
  facet normal  1.000000e+000  0.000000e+000  0.000000e+000
    outer loop
      vertex  0.000000e+000  2.032964e+000 -1.233357e+001
      vertex  0.000000e+000 -1.722379e+000 -1.238077e+001
      vertex  0.000000e+000  1.722379e+000 -1.238077e+001
    endloop
  endfacet
  facet normal  1.000000e+000  0.000000e+000  0.000000e+000
    outer loop
      vertex  0.000000e+000  1.722379e+000 -1.238077e+001
      vertex  0.000000e+000 -1.722379e+000 -1.238077e+001
      vertex  0.000000e+000 -1.410705e+000 -1.242014e+001
    endloop
  endfacet
  facet normal  1.000000e+000  0.000000e+000  0.000000e+000
    outer loop
      vertex  0.000000e+000  1.722379e+000 -1.238077e+001
      vertex  0.000000e+000 -1.410705e+000 -1.242014e+001
      vertex  0.000000e+000  1.410705e+000 -1.242014e+001
    endloop
  endfacet
  facet normal  9.999999e-001  0.000000e+000  0.000000e+000
    outer loop
      vertex  0.000000e+000  1.410705e+000 -1.242014e+001
      vertex  0.000000e+000 -1.410705e+000 -1.242014e+001
      vertex  0.000000e+000 -1.098140e+000 -1.245167e+001
    endloop
  endfacet
  facet normal  1.000000e+000  0.000000e+000  0.000000e+000
    outer loop
      vertex  0.000000e+000  1.410705e+000 -1.242014e+001
      vertex  0.000000e+000 -1.098140e+000 -1.245167e+001
      vertex  0.000000e+000  1.098140e+000 -1.245167e+001
    endloop
  endfacet
  facet normal  1.000000e+000  0.000000e+000  0.000000e+000
    outer loop
      vertex  0.000000e+000  1.098140e+000 -1.245167e+001
      vertex  0.000000e+000 -1.098140e+000 -1.245167e+001
      vertex  0.000000e+000 -7.848815e-001 -1.247533e+001
    endloop
  endfacet
  facet normal  1.000000e+000  0.000000e+000  0.000000e+000
    outer loop
      vertex  0.000000e+000  1.098140e+000 -1.245167e+001
      vertex  0.000000e+000 -7.848815e-001 -1.247533e+001
      vertex  0.000000e+000  7.848815e-001 -1.247533e+001
    endloop
  endfacet
  facet normal  1.000000e+000  0.000000e+000  0.000000e+000
    outer loop
      vertex  0.000000e+000  7.848815e-001 -1.247533e+001
      vertex  0.000000e+000 -7.848815e-001 -1.247533e+001
      vertex  0.000000e+000 -4.711273e-001 -1.249112e+001
    endloop
  endfacet
  facet normal  1.000000e+000  0.000000e+000  0.000000e+000
    outer loop
      vertex  0.000000e+000  7.848815e-001 -1.247533e+001
      vertex  0.000000e+000 -4.711273e-001 -1.249112e+001
      vertex  0.000000e+000  4.711273e-001 -1.249112e+001
    endloop
  endfacet
  facet normal  1.000000e+000  0.000000e+000  0.000000e+000
    outer loop
      vertex  0.000000e+000  4.711273e-001 -1.249112e+001
      vertex  0.000000e+000 -4.711273e-001 -1.249112e+001
      vertex  0.000000e+000 -1.570755e-001 -1.249901e+001
    endloop
  endfacet
  facet normal  1.000000e+000  0.000000e+000  0.000000e+000
    outer loop
      vertex  0.000000e+000  4.711273e-001 -1.249112e+001
      vertex  0.000000e+000 -1.570755e-001 -1.249901e+001
      vertex  0.000000e+000  1.570755e-001 -1.249901e+001
    endloop
  endfacet
endsolid CATIA STL
